Timestamp,Step,train_loss,val_loss,time_ms,tokens_per_second,learning_rate
2025-02-28T10:57:52,0,NA,inf,NA,NA,NA
2025-02-28T10:57:53,0,inf,NA,NA,NA,NA
2025-02-28T10:57:53,0,NA,NA,1224.786548,NA,NA
2025-02-28T10:57:53,0,NA,NA,NA,209.016006,NA
2025-02-28T10:57:53,0,NA,NA,NA,NA,0.001000
2025-02-28T10:57:54,1,inf,NA,NA,NA,NA
2025-02-28T10:57:54,1,NA,NA,1071.670175,NA,NA
2025-02-28T10:57:54,1,NA,NA,NA,238.879471,NA
2025-02-28T10:57:54,1,NA,NA,NA,NA,0.001000
2025-02-28T10:57:55,2,inf,NA,NA,NA,NA
2025-02-28T10:57:55,2,NA,NA,1101.491777,NA,NA
2025-02-28T10:57:55,2,NA,NA,NA,232.412079,NA
2025-02-28T10:57:55,2,NA,NA,NA,NA,0.001000
2025-02-28T10:57:57,3,87.290848,NA,NA,NA,NA
2025-02-28T10:57:57,3,NA,NA,1105.817615,NA,NA
2025-02-28T10:57:57,3,NA,NA,NA,231.502914,NA
2025-02-28T10:57:57,3,NA,NA,NA,NA,0.001000
2025-02-28T10:57:58,4,84.428078,NA,NA,NA,NA
2025-02-28T10:57:58,4,NA,NA,1196.029689,NA,NA
2025-02-28T10:57:58,4,NA,NA,NA,214.041504,NA
2025-02-28T10:57:58,4,NA,NA,NA,NA,0.001000
2025-02-28T10:57:59,5,82.378380,NA,NA,NA,NA
2025-02-28T10:57:59,5,NA,NA,1155.127553,NA,NA
2025-02-28T10:57:59,5,NA,NA,NA,221.620544,NA
2025-02-28T10:57:59,5,NA,NA,NA,NA,0.001000
2025-02-28T10:58:00,6,82.541565,NA,NA,NA,NA
2025-02-28T10:58:00,6,NA,NA,1084.740014,NA,NA
2025-02-28T10:58:00,6,NA,NA,NA,236.001251,NA
2025-02-28T10:58:00,6,NA,NA,NA,NA,0.001000
2025-02-28T10:58:01,7,78.906189,NA,NA,NA,NA
2025-02-28T10:58:01,7,NA,NA,1094.727335,NA,NA
2025-02-28T10:58:01,7,NA,NA,NA,233.848190,NA
2025-02-28T10:58:01,7,NA,NA,NA,NA,0.001000
2025-02-28T10:58:00,8,75.527725,NA,NA,NA,NA
2025-02-28T10:58:00,8,NA,NA,1063.501760,NA,NA
2025-02-28T10:58:00,8,NA,NA,NA,240.714218,NA
2025-02-28T10:58:00,8,NA,NA,NA,NA,0.001000
2025-02-28T10:58:02,9,75.052437,NA,NA,NA,NA
2025-02-28T10:58:02,9,NA,NA,1153.522362,NA,NA
2025-02-28T10:58:02,9,NA,NA,NA,221.928940,NA
2025-02-28T10:58:02,9,NA,NA,NA,NA,0.001000
2025-02-28T10:58:03,10,NA,74.331383,NA,NA,NA
2025-02-28T10:58:04,10,75.512955,NA,NA,NA,NA
2025-02-28T10:58:04,10,NA,NA,1078.368009,NA,NA
2025-02-28T10:58:04,10,NA,NA,NA,237.395767,NA
2025-02-28T10:58:04,10,NA,NA,NA,NA,0.001000
2025-02-28T10:58:05,11,71.914139,NA,NA,NA,NA
2025-02-28T10:58:05,11,NA,NA,1106.919499,NA,NA
2025-02-28T10:58:05,11,NA,NA,NA,231.272461,NA
2025-02-28T10:58:05,11,NA,NA,NA,NA,0.001000
2025-02-28T10:58:06,12,72.635017,NA,NA,NA,NA
2025-02-28T10:58:06,12,NA,NA,1083.279826,NA,NA
2025-02-28T10:58:06,12,NA,NA,NA,236.319366,NA
2025-02-28T10:58:06,12,NA,NA,NA,NA,0.001000
2025-02-28T10:58:07,13,73.243332,NA,NA,NA,NA
2025-02-28T10:58:07,13,NA,NA,1101.946845,NA,NA
2025-02-28T10:58:07,13,NA,NA,NA,232.316101,NA
2025-02-28T10:58:07,13,NA,NA,NA,NA,0.001000
2025-02-28T10:58:08,14,73.383232,NA,NA,NA,NA
2025-02-28T10:58:08,14,NA,NA,1123.884619,NA,NA
2025-02-28T10:58:08,14,NA,NA,NA,227.781387,NA
2025-02-28T10:58:08,14,NA,NA,NA,NA,0.001000
2025-02-28T10:58:10,15,67.260864,NA,NA,NA,NA
2025-02-28T10:58:10,15,NA,NA,1097.301183,NA,NA
2025-02-28T10:58:10,15,NA,NA,NA,233.299667,NA
2025-02-28T10:58:10,15,NA,NA,NA,NA,0.001000
2025-02-28T10:58:11,16,69.308136,NA,NA,NA,NA
2025-02-28T10:58:11,16,NA,NA,1149.890417,NA,NA
2025-02-28T10:58:11,16,NA,NA,NA,222.629913,NA
2025-02-28T10:58:11,16,NA,NA,NA,NA,0.001000
2025-02-28T10:58:12,17,68.583740,NA,NA,NA,NA
2025-02-28T10:58:12,17,NA,NA,1060.640839,NA,NA
2025-02-28T10:58:12,17,NA,NA,NA,241.363510,NA
2025-02-28T10:58:12,17,NA,NA,NA,NA,0.001000
2025-02-28T10:58:13,18,68.857010,NA,NA,NA,NA
2025-02-28T10:58:13,18,NA,NA,1131.152201,NA,NA
2025-02-28T10:58:13,18,NA,NA,NA,226.317902,NA
2025-02-28T10:58:13,18,NA,NA,NA,NA,0.001000
2025-02-28T10:58:14,19,64.406601,NA,NA,NA,NA
2025-02-28T10:58:14,19,NA,NA,1077.394178,NA,NA
2025-02-28T10:58:14,19,NA,NA,NA,237.610336,NA
2025-02-28T10:58:14,19,NA,NA,NA,NA,0.001000
2025-02-28T10:58:15,20,NA,65.186241,NA,NA,NA
2025-02-28T10:58:16,20,inf,NA,NA,NA,NA
2025-02-28T10:58:16,20,NA,NA,1084.742567,NA,NA
2025-02-28T10:58:16,20,NA,NA,NA,236.000702,NA
2025-02-28T10:58:16,20,NA,NA,NA,NA,0.001000
2025-02-28T10:58:18,21,61.805138,NA,NA,NA,NA
2025-02-28T10:58:18,21,NA,NA,1194.182297,NA,NA
2025-02-28T10:58:18,21,NA,NA,NA,214.372635,NA
2025-02-28T10:58:18,21,NA,NA,NA,NA,0.001000
2025-02-28T10:58:19,22,63.115860,NA,NA,NA,NA
2025-02-28T10:58:19,22,NA,NA,1079.350832,NA,NA
2025-02-28T10:58:19,22,NA,NA,NA,237.179596,NA
2025-02-28T10:58:19,22,NA,NA,NA,NA,0.001000
2025-02-28T10:58:20,23,60.367645,NA,NA,NA,NA
2025-02-28T10:58:20,23,NA,NA,1102.698392,NA,NA
2025-02-28T10:58:20,23,NA,NA,NA,232.157776,NA
2025-02-28T10:58:20,23,NA,NA,NA,NA,0.001000
2025-02-28T10:58:21,24,63.150490,NA,NA,NA,NA
2025-02-28T10:58:21,24,NA,NA,1119.761696,NA,NA
2025-02-28T10:58:21,24,NA,NA,NA,228.620071,NA
2025-02-28T10:58:21,24,NA,NA,NA,NA,0.001000
2025-02-28T10:58:22,25,61.893913,NA,NA,NA,NA
2025-02-28T10:58:22,25,NA,NA,1121.463482,NA,NA
2025-02-28T10:58:22,25,NA,NA,NA,228.273148,NA
2025-02-28T10:58:22,25,NA,NA,NA,NA,0.001000
2025-02-28T10:58:23,26,63.650642,NA,NA,NA,NA
2025-02-28T10:58:23,26,NA,NA,1096.594610,NA,NA
2025-02-28T10:58:23,26,NA,NA,NA,233.449997,NA
2025-02-28T10:58:23,26,NA,NA,NA,NA,0.001000
2025-02-28T10:58:24,27,57.575264,NA,NA,NA,NA
2025-02-28T10:58:24,27,NA,NA,1147.391492,NA,NA
2025-02-28T10:58:24,27,NA,NA,NA,223.114777,NA
2025-02-28T10:58:24,27,NA,NA,NA,NA,0.001000
2025-02-28T10:58:25,28,55.727829,NA,NA,NA,NA
2025-02-28T10:58:25,28,NA,NA,1082.074595,NA,NA
2025-02-28T10:58:25,28,NA,NA,NA,236.582581,NA
2025-02-28T10:58:25,28,NA,NA,NA,NA,0.001000
2025-02-28T10:58:27,29,55.016354,NA,NA,NA,NA
2025-02-28T10:58:27,29,NA,NA,1128.256270,NA,NA
2025-02-28T10:58:27,29,NA,NA,NA,226.898804,NA
2025-02-28T10:58:27,29,NA,NA,NA,NA,0.001000
2025-02-28T10:58:28,30,NA,56.609142,NA,NA,NA
2025-02-28T10:58:29,30,54.398903,NA,NA,NA,NA
2025-02-28T10:58:29,30,NA,NA,1171.842598,NA,NA
2025-02-28T10:58:29,30,NA,NA,NA,218.459381,NA
2025-02-28T10:58:29,30,NA,NA,NA,NA,0.001000
2025-02-28T10:58:30,31,58.446480,NA,NA,NA,NA
2025-02-28T10:58:30,31,NA,NA,1137.656423,NA,NA
2025-02-28T10:58:30,31,NA,NA,NA,225.024002,NA
2025-02-28T10:58:30,31,NA,NA,NA,NA,0.001000
2025-02-28T10:58:31,32,56.681366,NA,NA,NA,NA
2025-02-28T10:58:31,32,NA,NA,1100.564952,NA,NA
2025-02-28T10:58:31,32,NA,NA,NA,232.607803,NA
2025-02-28T10:58:31,32,NA,NA,NA,NA,0.001000
2025-02-28T10:58:31,33,54.190208,NA,NA,NA,NA
2025-02-28T10:58:31,33,NA,NA,1083.016585,NA,NA
2025-02-28T10:58:31,33,NA,NA,NA,236.376801,NA
2025-02-28T10:58:31,33,NA,NA,NA,NA,0.001000
2025-02-28T10:58:32,34,52.155823,NA,NA,NA,NA
2025-02-28T10:58:32,34,NA,NA,1177.154317,NA,NA
2025-02-28T10:58:32,34,NA,NA,NA,217.473618,NA
2025-02-28T10:58:32,34,NA,NA,NA,NA,0.001000
2025-02-28T10:58:33,35,53.363281,NA,NA,NA,NA
2025-02-28T10:58:33,35,NA,NA,1148.062793,NA,NA
2025-02-28T10:58:33,35,NA,NA,NA,222.984314,NA
2025-02-28T10:58:33,35,NA,NA,NA,NA,0.001000
2025-02-28T10:58:34,36,54.083973,NA,NA,NA,NA
2025-02-28T10:58:34,36,NA,NA,1079.740247,NA,NA
2025-02-28T10:58:34,36,NA,NA,NA,237.094055,NA
2025-02-28T10:58:34,36,NA,NA,NA,NA,0.001000
2025-02-28T10:58:35,37,48.816238,NA,NA,NA,NA
2025-02-28T10:58:35,37,NA,NA,1100.968797,NA,NA
2025-02-28T10:58:35,37,NA,NA,NA,232.522491,NA
2025-02-28T10:58:35,37,NA,NA,NA,NA,0.001000
2025-02-28T10:58:36,38,47.584190,NA,NA,NA,NA
2025-02-28T10:58:36,38,NA,NA,1086.203332,NA,NA
2025-02-28T10:58:36,38,NA,NA,NA,235.683319,NA
2025-02-28T10:58:36,38,NA,NA,NA,NA,0.001000
2025-02-28T10:58:37,39,49.335976,NA,NA,NA,NA
2025-02-28T10:58:37,39,NA,NA,1095.016095,NA,NA
2025-02-28T10:58:37,39,NA,NA,NA,233.786514,NA
2025-02-28T10:58:37,39,NA,NA,NA,NA,0.001000
2025-02-28T10:58:39,40,NA,49.261753,NA,NA,NA
2025-02-28T10:58:40,40,49.982498,NA,NA,NA,NA
2025-02-28T10:58:40,40,NA,NA,1087.116516,NA,NA
2025-02-28T10:58:40,40,NA,NA,NA,235.485336,NA
2025-02-28T10:58:40,40,NA,NA,NA,NA,0.001000
2025-02-28T10:58:41,41,48.669598,NA,NA,NA,NA
2025-02-28T10:58:41,41,NA,NA,1129.500063,NA,NA
2025-02-28T10:58:41,41,NA,NA,NA,226.648941,NA
2025-02-28T10:58:41,41,NA,NA,NA,NA,0.001000
2025-02-28T10:58:42,42,46.741730,NA,NA,NA,NA
2025-02-28T10:58:42,42,NA,NA,1067.836842,NA,NA
2025-02-28T10:58:42,42,NA,NA,NA,239.737000,NA
2025-02-28T10:58:42,42,NA,NA,NA,NA,0.001000
2025-02-28T10:58:43,43,49.646000,NA,NA,NA,NA
2025-02-28T10:58:43,43,NA,NA,1145.916622,NA,NA
2025-02-28T10:58:43,43,NA,NA,NA,223.401947,NA
2025-02-28T10:58:43,43,NA,NA,NA,NA,0.001000
2025-02-28T10:58:44,44,47.400398,NA,NA,NA,NA
2025-02-28T10:58:44,44,NA,NA,1057.135092,NA,NA
2025-02-28T10:58:44,44,NA,NA,NA,242.163940,NA
2025-02-28T10:58:44,44,NA,NA,NA,NA,0.001000
2025-02-28T10:58:45,45,45.292645,NA,NA,NA,NA
2025-02-28T10:58:45,45,NA,NA,1148.736249,NA,NA
2025-02-28T10:58:45,45,NA,NA,NA,222.853592,NA
2025-02-28T10:58:45,45,NA,NA,NA,NA,0.001000
2025-02-28T10:58:46,46,46.530067,NA,NA,NA,NA
2025-02-28T10:58:46,46,NA,NA,1062.669321,NA,NA
2025-02-28T10:58:46,46,NA,NA,NA,240.902786,NA
2025-02-28T10:58:46,46,NA,NA,NA,NA,0.001000
2025-02-28T10:58:48,47,48.561855,NA,NA,NA,NA
2025-02-28T10:58:48,47,NA,NA,1110.625913,NA,NA
2025-02-28T10:58:48,47,NA,NA,NA,230.500656,NA
2025-02-28T10:58:48,47,NA,NA,NA,NA,0.001000
2025-02-28T10:58:49,48,44.239487,NA,NA,NA,NA
2025-02-28T10:58:49,48,NA,NA,1126.412675,NA,NA
2025-02-28T10:58:49,48,NA,NA,NA,227.270172,NA
2025-02-28T10:58:49,48,NA,NA,NA,NA,0.001000
2025-02-28T10:58:50,49,43.461548,NA,NA,NA,NA
2025-02-28T10:58:50,49,NA,NA,1102.123988,NA,NA
2025-02-28T10:58:50,49,NA,NA,NA,232.278763,NA
2025-02-28T10:58:50,49,NA,NA,NA,NA,0.001000
2025-02-28T10:58:51,50,NA,43.725220,NA,NA,NA
2025-02-28T10:58:52,50,44.626350,NA,NA,NA,NA
2025-02-28T10:58:52,50,NA,NA,1183.372303,NA,NA
2025-02-28T10:58:52,50,NA,NA,NA,216.330902,NA
2025-02-28T10:58:52,50,NA,NA,NA,NA,0.001000
2025-02-28T10:58:54,51,42.558273,NA,NA,NA,NA
2025-02-28T10:58:54,51,NA,NA,1223.914030,NA,NA
2025-02-28T10:58:54,51,NA,NA,NA,209.165024,NA
2025-02-28T10:58:54,51,NA,NA,NA,NA,0.001000
2025-02-28T10:58:55,52,44.349186,NA,NA,NA,NA
2025-02-28T10:58:55,52,NA,NA,1189.025650,NA,NA
2025-02-28T10:58:55,52,NA,NA,NA,215.302338,NA
2025-02-28T10:58:55,52,NA,NA,NA,NA,0.001000
2025-02-28T10:58:56,53,42.853577,NA,NA,NA,NA
2025-02-28T10:58:56,53,NA,NA,1168.991975,NA,NA
2025-02-28T10:58:56,53,NA,NA,NA,218.992096,NA
2025-02-28T10:58:56,53,NA,NA,NA,NA,0.001000
2025-02-28T10:58:57,54,39.115246,NA,NA,NA,NA
2025-02-28T10:58:57,54,NA,NA,1131.216003,NA,NA
2025-02-28T10:58:57,54,NA,NA,NA,226.305145,NA
2025-02-28T10:58:57,54,NA,NA,NA,NA,0.001000
2025-02-28T10:58:58,55,39.273804,NA,NA,NA,NA
2025-02-28T10:58:58,55,NA,NA,1126.916215,NA,NA
2025-02-28T10:58:58,55,NA,NA,NA,227.168625,NA
2025-02-28T10:58:58,55,NA,NA,NA,NA,0.001000
2025-02-28T10:58:59,56,40.614426,NA,NA,NA,NA
2025-02-28T10:58:59,56,NA,NA,1116.058235,NA,NA
2025-02-28T10:58:59,56,NA,NA,NA,229.378708,NA
2025-02-28T10:58:59,56,NA,NA,NA,NA,0.001000
2025-02-28T10:59:01,57,39.578865,NA,NA,NA,NA
2025-02-28T10:59:01,57,NA,NA,1154.982552,NA,NA
2025-02-28T10:59:01,57,NA,NA,NA,221.648376,NA
2025-02-28T10:59:01,57,NA,NA,NA,NA,0.001000
2025-02-28T10:59:02,58,40.713165,NA,NA,NA,NA
2025-02-28T10:59:02,58,NA,NA,1086.952858,NA,NA
2025-02-28T10:59:02,58,NA,NA,NA,235.520798,NA
2025-02-28T10:59:02,58,NA,NA,NA,NA,0.001000
2025-02-28T10:59:01,59,37.730007,NA,NA,NA,NA
2025-02-28T10:59:01,59,NA,NA,1151.562314,NA,NA
2025-02-28T10:59:01,59,NA,NA,NA,222.306686,NA
2025-02-28T10:59:01,59,NA,NA,NA,NA,0.001000
2025-02-28T10:59:02,60,NA,38.797352,NA,NA,NA
2025-02-28T10:59:04,60,41.294525,NA,NA,NA,NA
2025-02-28T10:59:04,60,NA,NA,1175.906936,NA,NA
2025-02-28T10:59:04,60,NA,NA,NA,217.704300,NA
2025-02-28T10:59:04,60,NA,NA,NA,NA,0.001000
2025-02-28T10:59:05,61,39.944622,NA,NA,NA,NA
2025-02-28T10:59:05,61,NA,NA,1140.225986,NA,NA
2025-02-28T10:59:05,61,NA,NA,NA,224.516891,NA
2025-02-28T10:59:05,61,NA,NA,NA,NA,0.001000
2025-02-28T10:59:06,62,39.944023,NA,NA,NA,NA
2025-02-28T10:59:06,62,NA,NA,1136.933575,NA,NA
2025-02-28T10:59:06,62,NA,NA,NA,225.167068,NA
2025-02-28T10:59:06,62,NA,NA,NA,NA,0.001000
2025-02-28T10:59:07,63,36.527607,NA,NA,NA,NA
2025-02-28T10:59:07,63,NA,NA,1146.224868,NA,NA
2025-02-28T10:59:07,63,NA,NA,NA,223.341858,NA
2025-02-28T10:59:07,63,NA,NA,NA,NA,0.001000
2025-02-28T10:59:08,64,37.579082,NA,NA,NA,NA
2025-02-28T10:59:08,64,NA,NA,1145.439949,NA,NA
2025-02-28T10:59:08,64,NA,NA,NA,223.494919,NA
2025-02-28T10:59:08,64,NA,NA,NA,NA,0.001000
2025-02-28T10:59:09,65,40.465305,NA,NA,NA,NA
2025-02-28T10:59:09,65,NA,NA,1110.009741,NA,NA
2025-02-28T10:59:09,65,NA,NA,NA,230.628601,NA
2025-02-28T10:59:09,65,NA,NA,NA,NA,0.001000
2025-02-28T10:59:10,66,38.348915,NA,NA,NA,NA
2025-02-28T10:59:10,66,NA,NA,1101.815237,NA,NA
2025-02-28T10:59:10,66,NA,NA,NA,232.343857,NA
2025-02-28T10:59:10,66,NA,NA,NA,NA,0.001000
2025-02-28T10:59:12,67,36.610573,NA,NA,NA,NA
2025-02-28T10:59:12,67,NA,NA,1104.368409,NA,NA
2025-02-28T10:59:12,67,NA,NA,NA,231.806702,NA
2025-02-28T10:59:12,67,NA,NA,NA,NA,0.001000
2025-02-28T10:59:13,68,37.189537,NA,NA,NA,NA
2025-02-28T10:59:13,68,NA,NA,1111.870775,NA,NA
2025-02-28T10:59:13,68,NA,NA,NA,230.242584,NA
2025-02-28T10:59:13,68,NA,NA,NA,NA,0.001000
2025-02-28T10:59:14,69,35.793045,NA,NA,NA,NA
2025-02-28T10:59:14,69,NA,NA,1085.786983,NA,NA
2025-02-28T10:59:14,69,NA,NA,NA,235.773682,NA
2025-02-28T10:59:14,69,NA,NA,NA,NA,0.001000
2025-02-28T10:59:15,70,NA,34.305950,NA,NA,NA
2025-02-28T10:59:16,70,34.835960,NA,NA,NA,NA
2025-02-28T10:59:16,70,NA,NA,1094.539639,NA,NA
2025-02-28T10:59:16,70,NA,NA,NA,233.888290,NA
2025-02-28T10:59:16,70,NA,NA,NA,NA,0.001000
2025-02-28T10:59:17,71,34.691521,NA,NA,NA,NA
2025-02-28T10:59:17,71,NA,NA,1152.227080,NA,NA
2025-02-28T10:59:17,71,NA,NA,NA,222.178421,NA
2025-02-28T10:59:17,71,NA,NA,NA,NA,0.001000
2025-02-28T10:59:18,72,33.696957,NA,NA,NA,NA
2025-02-28T10:59:18,72,NA,NA,1081.651556,NA,NA
2025-02-28T10:59:18,72,NA,NA,NA,236.675110,NA
2025-02-28T10:59:18,72,NA,NA,NA,NA,0.001000
2025-02-28T10:59:20,73,34.110283,NA,NA,NA,NA
2025-02-28T10:59:20,73,NA,NA,1161.363852,NA,NA
2025-02-28T10:59:20,73,NA,NA,NA,220.430481,NA
2025-02-28T10:59:20,73,NA,NA,NA,NA,0.001000
2025-02-28T10:59:21,74,33.860630,NA,NA,NA,NA
2025-02-28T10:59:21,74,NA,NA,1094.833679,NA,NA
2025-02-28T10:59:21,74,NA,NA,NA,233.825470,NA
2025-02-28T10:59:21,74,NA,NA,NA,NA,0.001000
2025-02-28T10:59:22,75,32.946022,NA,NA,NA,NA
2025-02-28T10:59:22,75,NA,NA,1127.692309,NA,NA
2025-02-28T10:59:22,75,NA,NA,NA,227.012283,NA
2025-02-28T10:59:22,75,NA,NA,NA,NA,0.001000
2025-02-28T10:59:23,76,33.316002,NA,NA,NA,NA
2025-02-28T10:59:23,76,NA,NA,1114.939452,NA,NA
2025-02-28T10:59:23,76,NA,NA,NA,229.608887,NA
2025-02-28T10:59:23,76,NA,NA,NA,NA,0.001000
2025-02-28T10:59:24,77,34.185226,NA,NA,NA,NA
2025-02-28T10:59:24,77,NA,NA,1112.454706,NA,NA
2025-02-28T10:59:24,77,NA,NA,NA,230.121735,NA
2025-02-28T10:59:24,77,NA,NA,NA,NA,0.001000
2025-02-28T10:59:25,78,30.629141,NA,NA,NA,NA
2025-02-28T10:59:25,78,NA,NA,1120.131397,NA,NA
2025-02-28T10:59:25,78,NA,NA,NA,228.544617,NA
2025-02-28T10:59:25,78,NA,NA,NA,NA,0.001000
2025-02-28T10:59:26,79,33.564636,NA,NA,NA,NA
2025-02-28T10:59:26,79,NA,NA,1111.535751,NA,NA
2025-02-28T10:59:26,79,NA,NA,NA,230.311981,NA
2025-02-28T10:59:26,79,NA,NA,NA,NA,0.001000
2025-02-28T10:59:28,80,NA,30.910954,NA,NA,NA
2025-02-28T10:59:29,80,30.282150,NA,NA,NA,NA
2025-02-28T10:59:29,80,NA,NA,1102.019325,NA,NA
2025-02-28T10:59:29,80,NA,NA,NA,232.300827,NA
2025-02-28T10:59:29,80,NA,NA,NA,NA,0.001000
2025-02-28T10:59:30,81,31.798775,NA,NA,NA,NA
2025-02-28T10:59:30,81,NA,NA,1136.834439,NA,NA
2025-02-28T10:59:30,81,NA,NA,NA,225.186707,NA
2025-02-28T10:59:30,81,NA,NA,NA,NA,0.001000
2025-02-28T10:59:31,82,31.923820,NA,NA,NA,NA
2025-02-28T10:59:31,82,NA,NA,1131.417806,NA,NA
2025-02-28T10:59:31,82,NA,NA,NA,226.264786,NA
2025-02-28T10:59:31,82,NA,NA,NA,NA,0.001000
2025-02-28T10:59:32,83,31.084650,NA,NA,NA,NA
2025-02-28T10:59:32,83,NA,NA,1120.845679,NA,NA
2025-02-28T10:59:32,83,NA,NA,NA,228.398972,NA
2025-02-28T10:59:32,83,NA,NA,NA,NA,0.001000
2025-02-28T10:59:33,84,26.101217,NA,NA,NA,NA
2025-02-28T10:59:33,84,NA,NA,1088.044427,NA,NA
2025-02-28T10:59:33,84,NA,NA,NA,235.284515,NA
2025-02-28T10:59:33,84,NA,NA,NA,NA,0.001000
2025-02-28T10:59:34,85,30.413588,NA,NA,NA,NA
2025-02-28T10:59:34,85,NA,NA,1167.391450,NA,NA
2025-02-28T10:59:34,85,NA,NA,NA,219.292343,NA
2025-02-28T10:59:34,85,NA,NA,NA,NA,0.001000
2025-02-28T10:59:36,86,29.478197,NA,NA,NA,NA
2025-02-28T10:59:36,86,NA,NA,1148.633337,NA,NA
2025-02-28T10:59:36,86,NA,NA,NA,222.873566,NA
2025-02-28T10:59:36,86,NA,NA,NA,NA,0.001000
2025-02-28T10:59:37,87,28.957182,NA,NA,NA,NA
2025-02-28T10:59:37,87,NA,NA,1092.747705,NA,NA
2025-02-28T10:59:37,87,NA,NA,NA,234.271820,NA
2025-02-28T10:59:37,87,NA,NA,NA,NA,0.001000
2025-02-28T10:59:38,88,28.220295,NA,NA,NA,NA
2025-02-28T10:59:38,88,NA,NA,1124.667793,NA,NA
2025-02-28T10:59:38,88,NA,NA,NA,227.622772,NA
2025-02-28T10:59:38,88,NA,NA,NA,NA,0.001000
2025-02-28T10:59:39,89,26.807270,NA,NA,NA,NA
2025-02-28T10:59:39,89,NA,NA,1083.345895,NA,NA
2025-02-28T10:59:39,89,NA,NA,NA,236.304947,NA
2025-02-28T10:59:39,89,NA,NA,NA,NA,0.001000
2025-02-28T10:59:40,90,NA,28.091486,NA,NA,NA
2025-02-28T10:59:41,90,27.387409,NA,NA,NA,NA
2025-02-28T10:59:41,90,NA,NA,1121.478192,NA,NA
2025-02-28T10:59:41,90,NA,NA,NA,228.270157,NA
2025-02-28T10:59:41,90,NA,NA,NA,NA,0.001000
2025-02-28T10:59:42,91,26.442720,NA,NA,NA,NA
2025-02-28T10:59:42,91,NA,NA,1081.421700,NA,NA
2025-02-28T10:59:42,91,NA,NA,NA,236.725418,NA
2025-02-28T10:59:42,91,NA,NA,NA,NA,0.001000
2025-02-28T10:59:44,92,25.115192,NA,NA,NA,NA
2025-02-28T10:59:44,92,NA,NA,1150.212615,NA,NA
2025-02-28T10:59:44,92,NA,NA,NA,222.567551,NA
2025-02-28T10:59:44,92,NA,NA,NA,NA,0.001000
2025-02-28T10:59:45,93,24.864429,NA,NA,NA,NA
2025-02-28T10:59:45,93,NA,NA,1066.396175,NA,NA
2025-02-28T10:59:45,93,NA,NA,NA,240.060883,NA
2025-02-28T10:59:45,93,NA,NA,NA,NA,0.001000
2025-02-28T10:59:46,94,27.768982,NA,NA,NA,NA
2025-02-28T10:59:46,94,NA,NA,1152.876311,NA,NA
2025-02-28T10:59:46,94,NA,NA,NA,222.053314,NA
2025-02-28T10:59:46,94,NA,NA,NA,NA,0.001000
2025-02-28T10:59:47,95,29.265446,NA,NA,NA,NA
2025-02-28T10:59:47,95,NA,NA,1063.935698,NA,NA
2025-02-28T10:59:47,95,NA,NA,NA,240.616043,NA
2025-02-28T10:59:47,95,NA,NA,NA,NA,0.001000
2025-02-28T10:59:48,96,24.618675,NA,NA,NA,NA
2025-02-28T10:59:48,96,NA,NA,1094.669682,NA,NA
2025-02-28T10:59:48,96,NA,NA,NA,233.860504,NA
2025-02-28T10:59:48,96,NA,NA,NA,NA,0.001000
2025-02-28T10:59:47,97,24.987637,NA,NA,NA,NA
2025-02-28T10:59:47,97,NA,NA,1119.149108,NA,NA
2025-02-28T10:59:47,97,NA,NA,NA,228.745209,NA
2025-02-28T10:59:47,97,NA,NA,NA,NA,0.001000
2025-02-28T10:59:48,98,29.462872,NA,NA,NA,NA
2025-02-28T10:59:48,98,NA,NA,1095.579465,NA,NA
2025-02-28T10:59:48,98,NA,NA,NA,233.666306,NA
2025-02-28T10:59:48,98,NA,NA,NA,NA,0.001000
2025-02-28T10:59:49,99,24.497929,NA,NA,NA,NA
2025-02-28T10:59:49,99,NA,NA,1110.263157,NA,NA
2025-02-28T10:59:49,99,NA,NA,NA,230.575974,NA
2025-02-28T10:59:49,99,NA,NA,NA,NA,0.001000
2025-02-28T10:59:50,100,NA,25.354338,NA,NA,NA
2025-02-28T10:59:51,100,25.382750,NA,NA,NA,NA
2025-02-28T10:59:51,100,NA,NA,1103.164071,NA,NA
2025-02-28T10:59:51,100,NA,NA,NA,232.059769,NA
2025-02-28T10:59:51,100,NA,NA,NA,NA,0.001000
2025-02-28T10:59:52,101,23.617046,NA,NA,NA,NA
2025-02-28T10:59:52,101,NA,NA,1124.233164,NA,NA
2025-02-28T10:59:52,101,NA,NA,NA,227.710770,NA
2025-02-28T10:59:52,101,NA,NA,NA,NA,0.001000
2025-02-28T10:59:54,102,26.362621,NA,NA,NA,NA
2025-02-28T10:59:54,102,NA,NA,1106.908970,NA,NA
2025-02-28T10:59:54,102,NA,NA,NA,231.274658,NA
2025-02-28T10:59:54,102,NA,NA,NA,NA,0.001000
2025-02-28T10:59:55,103,20.870638,NA,NA,NA,NA
2025-02-28T10:59:55,103,NA,NA,1154.081495,NA,NA
2025-02-28T10:59:55,103,NA,NA,NA,221.821426,NA
2025-02-28T10:59:55,103,NA,NA,NA,NA,0.001000
2025-02-28T10:59:56,104,24.511219,NA,NA,NA,NA
2025-02-28T10:59:56,104,NA,NA,1108.727975,NA,NA
2025-02-28T10:59:56,104,NA,NA,NA,230.895233,NA
2025-02-28T10:59:56,104,NA,NA,NA,NA,0.001000
2025-02-28T10:59:57,105,23.467913,NA,NA,NA,NA
2025-02-28T10:59:57,105,NA,NA,1152.677994,NA,NA
2025-02-28T10:59:57,105,NA,NA,NA,222.091507,NA
2025-02-28T10:59:57,105,NA,NA,NA,NA,0.001000
2025-02-28T10:59:58,106,24.635246,NA,NA,NA,NA
2025-02-28T10:59:58,106,NA,NA,1077.093960,NA,NA
2025-02-28T10:59:58,106,NA,NA,NA,237.676575,NA
2025-02-28T10:59:58,106,NA,NA,NA,NA,0.001000
2025-02-28T10:59:59,107,23.261192,NA,NA,NA,NA
2025-02-28T10:59:59,107,NA,NA,1177.100485,NA,NA
2025-02-28T10:59:59,107,NA,NA,NA,217.483551,NA
2025-02-28T10:59:59,107,NA,NA,NA,NA,0.001000
2025-02-28T11:00:00,108,24.499302,NA,NA,NA,NA
2025-02-28T11:00:00,108,NA,NA,1147.393069,NA,NA
2025-02-28T11:00:00,108,NA,NA,NA,223.114471,NA
2025-02-28T11:00:00,108,NA,NA,NA,NA,0.001000
2025-02-28T11:00:01,109,24.392685,NA,NA,NA,NA
2025-02-28T11:00:01,109,NA,NA,1070.523672,NA,NA
2025-02-28T11:00:01,109,NA,NA,NA,239.135300,NA
2025-02-28T11:00:01,109,NA,NA,NA,NA,0.001000
2025-02-28T11:00:03,110,NA,23.248013,NA,NA,NA
2025-02-28T11:00:04,110,21.915161,NA,NA,NA,NA
2025-02-28T11:00:04,110,NA,NA,1071.141948,NA,NA
2025-02-28T11:00:04,110,NA,NA,NA,238.997269,NA
2025-02-28T11:00:04,110,NA,NA,NA,NA,0.001000
2025-02-28T11:00:05,111,24.520929,NA,NA,NA,NA
2025-02-28T11:00:05,111,NA,NA,1184.599171,NA,NA
2025-02-28T11:00:05,111,NA,NA,NA,216.106857,NA
2025-02-28T11:00:05,111,NA,NA,NA,NA,0.001000
2025-02-28T11:00:06,112,23.170761,NA,NA,NA,NA
2025-02-28T11:00:06,112,NA,NA,1139.059607,NA,NA
2025-02-28T11:00:06,112,NA,NA,NA,224.746796,NA
2025-02-28T11:00:06,112,NA,NA,NA,NA,0.001000
2025-02-28T11:00:07,113,24.943302,NA,NA,NA,NA
2025-02-28T11:00:07,113,NA,NA,1126.453895,NA,NA
2025-02-28T11:00:07,113,NA,NA,NA,227.261856,NA
2025-02-28T11:00:07,113,NA,NA,NA,NA,0.001000
2025-02-28T11:00:08,114,20.443945,NA,NA,NA,NA
2025-02-28T11:00:08,114,NA,NA,1055.135865,NA,NA
2025-02-28T11:00:08,114,NA,NA,NA,242.622787,NA
2025-02-28T11:00:08,114,NA,NA,NA,NA,0.001000
2025-02-28T11:00:10,115,21.304863,NA,NA,NA,NA
2025-02-28T11:00:10,115,NA,NA,1145.059326,NA,NA
2025-02-28T11:00:10,115,NA,NA,NA,223.569199,NA
2025-02-28T11:00:10,115,NA,NA,NA,NA,0.001000
2025-02-28T11:00:11,116,21.737400,NA,NA,NA,NA
2025-02-28T11:00:11,116,NA,NA,1068.910349,NA,NA
2025-02-28T11:00:11,116,NA,NA,NA,239.496231,NA
2025-02-28T11:00:11,116,NA,NA,NA,NA,0.001000
2025-02-28T11:00:12,117,23.654812,NA,NA,NA,NA
2025-02-28T11:00:12,117,NA,NA,1070.203259,NA,NA
2025-02-28T11:00:12,117,NA,NA,NA,239.206894,NA
2025-02-28T11:00:12,117,NA,NA,NA,NA,0.001000
2025-02-28T11:00:13,118,20.259983,NA,NA,NA,NA
2025-02-28T11:00:13,118,NA,NA,1142.334423,NA,NA
2025-02-28T11:00:13,118,NA,NA,NA,224.102493,NA
2025-02-28T11:00:13,118,NA,NA,NA,NA,0.001000
2025-02-28T11:00:14,119,20.418983,NA,NA,NA,NA
2025-02-28T11:00:14,119,NA,NA,1087.070867,NA,NA
2025-02-28T11:00:14,119,NA,NA,NA,235.495224,NA
2025-02-28T11:00:14,119,NA,NA,NA,NA,0.001000
2025-02-28T11:00:15,120,NA,21.762724,NA,NA,NA
2025-02-28T11:00:17,120,21.802559,NA,NA,NA,NA
2025-02-28T11:00:17,120,NA,NA,1126.394641,NA,NA
2025-02-28T11:00:17,120,NA,NA,NA,227.273804,NA
2025-02-28T11:00:17,120,NA,NA,NA,NA,0.001000
2025-02-28T11:00:18,121,19.308361,NA,NA,NA,NA
2025-02-28T11:00:18,121,NA,NA,1152.484010,NA,NA
2025-02-28T11:00:18,121,NA,NA,NA,222.128891,NA
2025-02-28T11:00:18,121,NA,NA,NA,NA,0.001000
2025-02-28T11:00:17,122,21.997944,NA,NA,NA,NA
2025-02-28T11:00:17,122,NA,NA,1100.795812,NA,NA
2025-02-28T11:00:17,122,NA,NA,NA,232.559021,NA
2025-02-28T11:00:17,122,NA,NA,NA,NA,0.001000
2025-02-28T11:00:18,123,23.723000,NA,NA,NA,NA
2025-02-28T11:00:18,123,NA,NA,1067.968913,NA,NA
2025-02-28T11:00:18,123,NA,NA,NA,239.707352,NA
2025-02-28T11:00:18,123,NA,NA,NA,NA,0.001000
2025-02-28T11:00:19,124,22.938648,NA,NA,NA,NA
2025-02-28T11:00:19,124,NA,NA,1129.078260,NA,NA
2025-02-28T11:00:19,124,NA,NA,NA,226.733612,NA
2025-02-28T11:00:19,124,NA,NA,NA,NA,0.001000
2025-02-28T11:00:20,125,21.654177,NA,NA,NA,NA
2025-02-28T11:00:20,125,NA,NA,1096.608627,NA,NA
2025-02-28T11:00:20,125,NA,NA,NA,233.447006,NA
2025-02-28T11:00:20,125,NA,NA,NA,NA,0.001000
2025-02-28T11:00:22,126,19.152592,NA,NA,NA,NA
2025-02-28T11:00:22,126,NA,NA,1161.066594,NA,NA
2025-02-28T11:00:22,126,NA,NA,NA,220.486923,NA
2025-02-28T11:00:22,126,NA,NA,NA,NA,0.001000
2025-02-28T11:00:23,127,21.766804,NA,NA,NA,NA
2025-02-28T11:00:23,127,NA,NA,1118.254078,NA,NA
2025-02-28T11:00:23,127,NA,NA,NA,228.928299,NA
2025-02-28T11:00:23,127,NA,NA,NA,NA,0.001000
2025-02-28T11:00:24,128,24.792309,NA,NA,NA,NA
2025-02-28T11:00:24,128,NA,NA,1168.624827,NA,NA
2025-02-28T11:00:24,128,NA,NA,NA,219.060898,NA
2025-02-28T11:00:24,128,NA,NA,NA,NA,0.001000
2025-02-28T11:00:25,129,19.541094,NA,NA,NA,NA
2025-02-28T11:00:25,129,NA,NA,1071.268746,NA,NA
2025-02-28T11:00:25,129,NA,NA,NA,238.968979,NA
2025-02-28T11:00:25,129,NA,NA,NA,NA,0.001000
2025-02-28T11:00:26,130,NA,20.299215,NA,NA,NA
2025-02-28T11:00:28,130,21.087704,NA,NA,NA,NA
2025-02-28T11:00:28,130,NA,NA,1130.673642,NA,NA
2025-02-28T11:00:28,130,NA,NA,NA,226.413696,NA
2025-02-28T11:00:28,130,NA,NA,NA,NA,0.001000
2025-02-28T11:00:29,131,20.831112,NA,NA,NA,NA
2025-02-28T11:00:29,131,NA,NA,1126.949273,NA,NA
2025-02-28T11:00:29,131,NA,NA,NA,227.161957,NA
2025-02-28T11:00:29,131,NA,NA,NA,NA,0.001000
2025-02-28T11:00:30,132,18.349979,NA,NA,NA,NA
2025-02-28T11:00:30,132,NA,NA,1167.395539,NA,NA
2025-02-28T11:00:30,132,NA,NA,NA,219.291565,NA
2025-02-28T11:00:30,132,NA,NA,NA,NA,0.001000
2025-02-28T11:00:31,133,20.835245,NA,NA,NA,NA
2025-02-28T11:00:31,133,NA,NA,1095.514850,NA,NA
2025-02-28T11:00:31,133,NA,NA,NA,233.680084,NA
2025-02-28T11:00:31,133,NA,NA,NA,NA,0.001000
2025-02-28T11:00:32,134,20.217930,NA,NA,NA,NA
2025-02-28T11:00:32,134,NA,NA,1051.259754,NA,NA
2025-02-28T11:00:32,134,NA,NA,NA,243.517365,NA
2025-02-28T11:00:32,134,NA,NA,NA,NA,0.001000
2025-02-28T11:00:33,135,18.430475,NA,NA,NA,NA
2025-02-28T11:00:33,135,NA,NA,1141.377620,NA,NA
2025-02-28T11:00:33,135,NA,NA,NA,224.290359,NA
2025-02-28T11:00:33,135,NA,NA,NA,NA,0.001000
2025-02-28T11:00:34,136,18.969725,NA,NA,NA,NA
2025-02-28T11:00:34,136,NA,NA,1200.531135,NA,NA
2025-02-28T11:00:34,136,NA,NA,NA,213.238953,NA
2025-02-28T11:00:34,136,NA,NA,NA,NA,0.001000
2025-02-28T11:00:35,137,20.957180,NA,NA,NA,NA
2025-02-28T11:00:35,137,NA,NA,1124.936977,NA,NA
2025-02-28T11:00:35,137,NA,NA,NA,227.568298,NA
2025-02-28T11:00:35,137,NA,NA,NA,NA,0.001000
2025-02-28T11:00:36,138,19.978779,NA,NA,NA,NA
2025-02-28T11:00:36,138,NA,NA,1058.049393,NA,NA
2025-02-28T11:00:36,138,NA,NA,NA,241.954681,NA
2025-02-28T11:00:36,138,NA,NA,NA,NA,0.001000
2025-02-28T11:00:38,139,18.557961,NA,NA,NA,NA
2025-02-28T11:00:38,139,NA,NA,1131.088994,NA,NA
2025-02-28T11:00:38,139,NA,NA,NA,226.330551,NA
2025-02-28T11:00:38,139,NA,NA,NA,NA,0.001000
2025-02-28T11:00:39,140,NA,18.923277,NA,NA,NA
2025-02-28T11:00:40,140,19.022049,NA,NA,NA,NA
2025-02-28T11:00:40,140,NA,NA,1080.005193,NA,NA
2025-02-28T11:00:40,140,NA,NA,NA,237.035904,NA
2025-02-28T11:00:40,140,NA,NA,NA,NA,0.001000
2025-02-28T11:00:41,141,17.652716,NA,NA,NA,NA
2025-02-28T11:00:41,141,NA,NA,1096.360950,NA,NA
2025-02-28T11:00:41,141,NA,NA,NA,233.499741,NA
2025-02-28T11:00:41,141,NA,NA,NA,NA,0.001000
2025-02-28T11:00:42,142,20.580013,NA,NA,NA,NA
2025-02-28T11:00:42,142,NA,NA,1099.902113,NA,NA
2025-02-28T11:00:42,142,NA,NA,NA,232.747986,NA
2025-02-28T11:00:42,142,NA,NA,NA,NA,0.001000
2025-02-28T11:00:43,143,19.011497,NA,NA,NA,NA
2025-02-28T11:00:43,143,NA,NA,1073.391961,NA,NA
2025-02-28T11:00:43,143,NA,NA,NA,238.496292,NA
2025-02-28T11:00:43,143,NA,NA,NA,NA,0.001000
2025-02-28T11:00:45,144,16.697191,NA,NA,NA,NA
2025-02-28T11:00:45,144,NA,NA,1138.274274,NA,NA
2025-02-28T11:00:45,144,NA,NA,NA,224.901855,NA
2025-02-28T11:00:45,144,NA,NA,NA,NA,0.001000
2025-02-28T11:00:46,145,19.661097,NA,NA,NA,NA
2025-02-28T11:00:46,145,NA,NA,1145.634811,NA,NA
2025-02-28T11:00:46,145,NA,NA,NA,223.456894,NA
2025-02-28T11:00:46,145,NA,NA,NA,NA,0.001000
2025-02-28T11:00:47,146,16.070677,NA,NA,NA,NA
2025-02-28T11:00:47,146,NA,NA,1116.636046,NA,NA
2025-02-28T11:00:47,146,NA,NA,NA,229.260025,NA
2025-02-28T11:00:47,146,NA,NA,NA,NA,0.001000
2025-02-28T11:00:48,147,17.012852,NA,NA,NA,NA
2025-02-28T11:00:48,147,NA,NA,1072.446281,NA,NA
2025-02-28T11:00:48,147,NA,NA,NA,238.706589,NA
2025-02-28T11:00:48,147,NA,NA,NA,NA,0.001000
2025-02-28T11:00:47,148,20.899042,NA,NA,NA,NA
2025-02-28T11:00:47,148,NA,NA,1127.881713,NA,NA
2025-02-28T11:00:47,148,NA,NA,NA,226.974152,NA
2025-02-28T11:00:47,148,NA,NA,NA,NA,0.001000
2025-02-28T11:00:48,149,17.557394,NA,NA,NA,NA
2025-02-28T11:00:48,149,NA,NA,1073.584101,NA,NA
2025-02-28T11:00:48,149,NA,NA,NA,238.453613,NA
2025-02-28T11:00:48,149,NA,NA,NA,NA,0.001000
2025-02-28T11:00:50,150,NA,18.174948,NA,NA,NA
2025-02-28T11:00:51,150,17.305882,NA,NA,NA,NA
2025-02-28T11:00:51,150,NA,NA,1109.473322,NA,NA
2025-02-28T11:00:51,150,NA,NA,NA,230.740112,NA
2025-02-28T11:00:51,150,NA,NA,NA,NA,0.001000
2025-02-28T11:00:52,151,16.644779,NA,NA,NA,NA
2025-02-28T11:00:52,151,NA,NA,1134.693383,NA,NA
2025-02-28T11:00:52,151,NA,NA,NA,225.611603,NA
2025-02-28T11:00:52,151,NA,NA,NA,NA,0.001000
2025-02-28T11:00:53,152,15.700060,NA,NA,NA,NA
2025-02-28T11:00:53,152,NA,NA,1091.621907,NA,NA
2025-02-28T11:00:53,152,NA,NA,NA,234.513428,NA
2025-02-28T11:00:53,152,NA,NA,NA,NA,0.001000
2025-02-28T11:00:54,153,17.912039,NA,NA,NA,NA
2025-02-28T11:00:54,153,NA,NA,1129.252988,NA,NA
2025-02-28T11:00:54,153,NA,NA,NA,226.698532,NA
2025-02-28T11:00:54,153,NA,NA,NA,NA,0.001000
2025-02-28T11:00:55,154,17.441410,NA,NA,NA,NA
2025-02-28T11:00:55,154,NA,NA,1134.258347,NA,NA
2025-02-28T11:00:55,154,NA,NA,NA,225.698135,NA
2025-02-28T11:00:55,154,NA,NA,NA,NA,0.001000
2025-02-28T11:00:56,155,16.581657,NA,NA,NA,NA
2025-02-28T11:00:56,155,NA,NA,1112.097430,NA,NA
2025-02-28T11:00:56,155,NA,NA,NA,230.195663,NA
2025-02-28T11:00:56,155,NA,NA,NA,NA,0.001000
2025-02-28T11:00:58,156,15.491198,NA,NA,NA,NA
2025-02-28T11:00:58,156,NA,NA,1075.675884,NA,NA
2025-02-28T11:00:58,156,NA,NA,NA,237.989899,NA
2025-02-28T11:00:58,156,NA,NA,NA,NA,0.001000
2025-02-28T11:00:59,157,16.414463,NA,NA,NA,NA
2025-02-28T11:00:59,157,NA,NA,1128.514416,NA,NA
2025-02-28T11:00:59,157,NA,NA,NA,226.846909,NA
2025-02-28T11:00:59,157,NA,NA,NA,NA,0.001000
2025-02-28T11:01:00,158,17.582216,NA,NA,NA,NA
2025-02-28T11:01:00,158,NA,NA,1107.004782,NA,NA
2025-02-28T11:01:00,158,NA,NA,NA,231.254654,NA
2025-02-28T11:01:00,158,NA,NA,NA,NA,0.001000
2025-02-28T11:01:01,159,17.585243,NA,NA,NA,NA
2025-02-28T11:01:01,159,NA,NA,1131.050937,NA,NA
2025-02-28T11:01:01,159,NA,NA,NA,226.338165,NA
2025-02-28T11:01:01,159,NA,NA,NA,NA,0.001000
2025-02-28T11:01:02,160,NA,16.914665,NA,NA,NA
2025-02-28T11:01:03,160,14.946867,NA,NA,NA,NA
2025-02-28T11:01:03,160,NA,NA,1157.826350,NA,NA
2025-02-28T11:01:03,160,NA,NA,NA,221.103973,NA
2025-02-28T11:01:03,160,NA,NA,NA,NA,0.001000
2025-02-28T11:01:04,161,17.473015,NA,NA,NA,NA
2025-02-28T11:01:04,161,NA,NA,1064.771582,NA,NA
2025-02-28T11:01:04,161,NA,NA,NA,240.427155,NA
2025-02-28T11:01:04,161,NA,NA,NA,NA,0.001000
2025-02-28T11:01:06,162,19.609943,NA,NA,NA,NA
2025-02-28T11:01:06,162,NA,NA,1110.677460,NA,NA
2025-02-28T11:01:06,162,NA,NA,NA,230.489960,NA
2025-02-28T11:01:06,162,NA,NA,NA,NA,0.001000
2025-02-28T11:01:07,163,16.470684,NA,NA,NA,NA
2025-02-28T11:01:07,163,NA,NA,1080.514755,NA,NA
2025-02-28T11:01:07,163,NA,NA,NA,236.924118,NA
2025-02-28T11:01:07,163,NA,NA,NA,NA,0.001000
2025-02-28T11:01:08,164,15.589607,NA,NA,NA,NA
2025-02-28T11:01:08,164,NA,NA,1214.269283,NA,NA
2025-02-28T11:01:08,164,NA,NA,NA,210.826385,NA
2025-02-28T11:01:08,164,NA,NA,NA,NA,0.001000
2025-02-28T11:01:09,165,15.473309,NA,NA,NA,NA
2025-02-28T11:01:09,165,NA,NA,1100.722510,NA,NA
2025-02-28T11:01:09,165,NA,NA,NA,232.574509,NA
2025-02-28T11:01:09,165,NA,NA,NA,NA,0.001000
2025-02-28T11:01:10,166,15.729460,NA,NA,NA,NA
2025-02-28T11:01:10,166,NA,NA,1064.127399,NA,NA
2025-02-28T11:01:10,166,NA,NA,NA,240.572693,NA
2025-02-28T11:01:10,166,NA,NA,NA,NA,0.001000
2025-02-28T11:01:11,167,15.126748,NA,NA,NA,NA
2025-02-28T11:01:11,167,NA,NA,1066.725361,NA,NA
2025-02-28T11:01:11,167,NA,NA,NA,239.986801,NA
2025-02-28T11:01:11,167,NA,NA,NA,NA,0.001000
2025-02-28T11:01:12,168,17.241489,NA,NA,NA,NA
2025-02-28T11:01:12,168,NA,NA,1091.019875,NA,NA
2025-02-28T11:01:12,168,NA,NA,NA,234.642838,NA
2025-02-28T11:01:12,168,NA,NA,NA,NA,0.001000
2025-02-28T11:01:13,169,15.665718,NA,NA,NA,NA
2025-02-28T11:01:13,169,NA,NA,1136.542856,NA,NA
2025-02-28T11:01:13,169,NA,NA,NA,225.244476,NA
2025-02-28T11:01:13,169,NA,NA,NA,NA,0.001000
2025-02-28T11:01:15,170,NA,16.182032,NA,NA,NA
2025-02-28T11:01:16,170,14.223245,NA,NA,NA,NA
2025-02-28T11:01:16,170,NA,NA,1091.794064,NA,NA
2025-02-28T11:01:16,170,NA,NA,NA,234.476456,NA
2025-02-28T11:01:16,170,NA,NA,NA,NA,0.001000
2025-02-28T11:01:17,171,13.510647,NA,NA,NA,NA
2025-02-28T11:01:17,171,NA,NA,1094.441275,NA,NA
2025-02-28T11:01:17,171,NA,NA,NA,233.909302,NA
2025-02-28T11:01:17,171,NA,NA,NA,NA,0.001000
2025-02-28T11:01:18,172,14.338702,NA,NA,NA,NA
2025-02-28T11:01:18,172,NA,NA,1075.926757,NA,NA
2025-02-28T11:01:18,172,NA,NA,NA,237.934418,NA
2025-02-28T11:01:18,172,NA,NA,NA,NA,0.001000
2025-02-28T11:01:19,173,15.979406,NA,NA,NA,NA
2025-02-28T11:01:19,173,NA,NA,1133.756108,NA,NA
2025-02-28T11:01:19,173,NA,NA,NA,225.798126,NA
2025-02-28T11:01:19,173,NA,NA,NA,NA,0.001000
2025-02-28T11:01:19,174,16.182680,NA,NA,NA,NA
2025-02-28T11:01:19,174,NA,NA,1069.509610,NA,NA
2025-02-28T11:01:19,174,NA,NA,NA,239.362045,NA
2025-02-28T11:01:19,174,NA,NA,NA,NA,0.001000
2025-02-28T11:01:20,175,13.699558,NA,NA,NA,NA
2025-02-28T11:01:20,175,NA,NA,1145.939107,NA,NA
2025-02-28T11:01:20,175,NA,NA,NA,223.397552,NA
2025-02-28T11:01:20,175,NA,NA,NA,NA,0.001000
2025-02-28T11:01:21,176,13.649805,NA,NA,NA,NA
2025-02-28T11:01:21,176,NA,NA,1058.969448,NA,NA
2025-02-28T11:01:21,176,NA,NA,NA,241.744461,NA
2025-02-28T11:01:21,176,NA,NA,NA,NA,0.001000
2025-02-28T11:01:22,177,14.740541,NA,NA,NA,NA
2025-02-28T11:01:22,177,NA,NA,1098.174306,NA,NA
2025-02-28T11:01:22,177,NA,NA,NA,233.114182,NA
2025-02-28T11:01:22,177,NA,NA,NA,NA,0.001000
2025-02-28T11:01:23,178,14.546854,NA,NA,NA,NA
2025-02-28T11:01:23,178,NA,NA,1141.006766,NA,NA
2025-02-28T11:01:23,178,NA,NA,NA,224.363266,NA
2025-02-28T11:01:23,178,NA,NA,NA,NA,0.001000
2025-02-28T11:01:24,179,14.298801,NA,NA,NA,NA
2025-02-28T11:01:24,179,NA,NA,1080.074719,NA,NA
2025-02-28T11:01:24,179,NA,NA,NA,237.020645,NA
2025-02-28T11:01:24,179,NA,NA,NA,NA,0.001000
2025-02-28T11:01:25,180,NA,15.315000,NA,NA,NA
2025-02-28T11:01:27,180,14.631152,NA,NA,NA,NA
2025-02-28T11:01:27,180,NA,NA,1140.562468,NA,NA
2025-02-28T11:01:27,180,NA,NA,NA,224.450668,NA
2025-02-28T11:01:27,180,NA,NA,NA,NA,0.001000
2025-02-28T11:01:28,181,14.799240,NA,NA,NA,NA
2025-02-28T11:01:28,181,NA,NA,1077.691214,NA,NA
2025-02-28T11:01:28,181,NA,NA,NA,237.544846,NA
2025-02-28T11:01:28,181,NA,NA,NA,NA,0.001000
2025-02-28T11:01:29,182,16.900127,NA,NA,NA,NA
2025-02-28T11:01:29,182,NA,NA,1117.186528,NA,NA
2025-02-28T11:01:29,182,NA,NA,NA,229.147049,NA
2025-02-28T11:01:29,182,NA,NA,NA,NA,0.001000
2025-02-28T11:01:30,183,14.924076,NA,NA,NA,NA
2025-02-28T11:01:30,183,NA,NA,1095.862267,NA,NA
2025-02-28T11:01:30,183,NA,NA,NA,233.606003,NA
2025-02-28T11:01:30,183,NA,NA,NA,NA,0.001000
2025-02-28T11:01:31,184,15.938448,NA,NA,NA,NA
2025-02-28T11:01:31,184,NA,NA,1127.780387,NA,NA
2025-02-28T11:01:31,184,NA,NA,NA,226.994553,NA
2025-02-28T11:01:31,184,NA,NA,NA,NA,0.001000
2025-02-28T11:01:32,185,14.217606,NA,NA,NA,NA
2025-02-28T11:01:32,185,NA,NA,1086.924347,NA,NA
2025-02-28T11:01:32,185,NA,NA,NA,235.526978,NA
2025-02-28T11:01:32,185,NA,NA,NA,NA,0.001000
2025-02-28T11:01:33,186,15.281000,NA,NA,NA,NA
2025-02-28T11:01:33,186,NA,NA,1122.142831,NA,NA
2025-02-28T11:01:33,186,NA,NA,NA,228.134949,NA
2025-02-28T11:01:33,186,NA,NA,NA,NA,0.001000
2025-02-28T11:01:34,187,12.979181,NA,NA,NA,NA
2025-02-28T11:01:34,187,NA,NA,1076.492122,NA,NA
2025-02-28T11:01:34,187,NA,NA,NA,237.809448,NA
2025-02-28T11:01:34,187,NA,NA,NA,NA,0.001000
2025-02-28T11:01:35,188,15.848627,NA,NA,NA,NA
2025-02-28T11:01:35,188,NA,NA,1107.629224,NA,NA
2025-02-28T11:01:35,188,NA,NA,NA,231.124268,NA
2025-02-28T11:01:35,188,NA,NA,NA,NA,0.001000
2025-02-28T11:01:36,189,15.348351,NA,NA,NA,NA
2025-02-28T11:01:36,189,NA,NA,1072.892874,NA,NA
2025-02-28T11:01:36,189,NA,NA,NA,238.607239,NA
2025-02-28T11:01:36,189,NA,NA,NA,NA,0.001000
2025-02-28T11:01:38,190,NA,15.127765,NA,NA,NA
2025-02-28T11:01:39,190,14.404639,NA,NA,NA,NA
2025-02-28T11:01:39,190,NA,NA,1075.486632,NA,NA
2025-02-28T11:01:39,190,NA,NA,NA,238.031784,NA
2025-02-28T11:01:39,190,NA,NA,NA,NA,0.001000
2025-02-28T11:01:40,191,13.476937,NA,NA,NA,NA
2025-02-28T11:01:40,191,NA,NA,1059.575317,NA,NA
2025-02-28T11:01:40,191,NA,NA,NA,241.606232,NA
2025-02-28T11:01:40,191,NA,NA,NA,NA,0.001000
2025-02-28T11:01:41,192,15.898729,NA,NA,NA,NA
2025-02-28T11:01:41,192,NA,NA,1067.805599,NA,NA
2025-02-28T11:01:41,192,NA,NA,NA,239.744019,NA
2025-02-28T11:01:41,192,NA,NA,NA,NA,0.001000
2025-02-28T11:01:42,193,16.140490,NA,NA,NA,NA
2025-02-28T11:01:42,193,NA,NA,1121.445595,NA,NA
2025-02-28T11:01:42,193,NA,NA,NA,228.276794,NA
2025-02-28T11:01:42,193,NA,NA,NA,NA,0.001000
2025-02-28T11:01:43,194,13.914721,NA,NA,NA,NA
2025-02-28T11:01:43,194,NA,NA,1104.987243,NA,NA
2025-02-28T11:01:43,194,NA,NA,NA,231.676880,NA
2025-02-28T11:01:43,194,NA,NA,NA,NA,0.001000
2025-02-28T11:01:44,195,15.686852,NA,NA,NA,NA
2025-02-28T11:01:44,195,NA,NA,1127.527534,NA,NA
2025-02-28T11:01:44,195,NA,NA,NA,227.045456,NA
2025-02-28T11:01:44,195,NA,NA,NA,NA,0.001000
2025-02-28T11:01:46,196,15.462317,NA,NA,NA,NA
2025-02-28T11:01:46,196,NA,NA,1074.848336,NA,NA
2025-02-28T11:01:46,196,NA,NA,NA,238.173141,NA
2025-02-28T11:01:46,196,NA,NA,NA,NA,0.001000
2025-02-28T11:01:47,197,15.006847,NA,NA,NA,NA
2025-02-28T11:01:47,197,NA,NA,1127.898232,NA,NA
2025-02-28T11:01:47,197,NA,NA,NA,226.970825,NA
2025-02-28T11:01:47,197,NA,NA,NA,NA,0.001000
2025-02-28T11:01:48,198,15.564951,NA,NA,NA,NA
2025-02-28T11:01:48,198,NA,NA,1056.520799,NA,NA
2025-02-28T11:01:48,198,NA,NA,NA,242.304749,NA
2025-02-28T11:01:48,198,NA,NA,NA,NA,0.001000
2025-02-28T11:01:49,199,15.219355,NA,NA,NA,NA
2025-02-28T11:01:49,199,NA,NA,1113.327577,NA,NA
2025-02-28T11:01:49,199,NA,NA,NA,229.941315,NA
2025-02-28T11:01:49,199,NA,NA,NA,NA,0.001000
2025-02-28T11:01:48,200,NA,14.495379,NA,NA,NA
2025-02-28T11:01:50,200,13.029009,NA,NA,NA,NA
2025-02-28T11:01:50,200,NA,NA,1131.755617,NA,NA
2025-02-28T11:01:50,200,NA,NA,NA,226.197235,NA
2025-02-28T11:01:50,200,NA,NA,NA,NA,0.001000
2025-02-28T11:01:51,201,15.798751,NA,NA,NA,NA
2025-02-28T11:01:51,201,NA,NA,1101.357318,NA,NA
2025-02-28T11:01:51,201,NA,NA,NA,232.440460,NA
2025-02-28T11:01:51,201,NA,NA,NA,NA,0.001000
2025-02-28T11:01:52,202,19.341076,NA,NA,NA,NA
2025-02-28T11:01:52,202,NA,NA,1142.144102,NA,NA
2025-02-28T11:01:52,202,NA,NA,NA,224.139847,NA
2025-02-28T11:01:52,202,NA,NA,NA,NA,0.001000
2025-02-28T11:01:53,203,18.106995,NA,NA,NA,NA
2025-02-28T11:01:53,203,NA,NA,1063.787358,NA,NA
2025-02-28T11:01:53,203,NA,NA,NA,240.649597,NA
2025-02-28T11:01:53,203,NA,NA,NA,NA,0.001000
2025-02-28T11:01:54,204,15.918058,NA,NA,NA,NA
2025-02-28T11:01:54,204,NA,NA,1094.214469,NA,NA
2025-02-28T11:01:54,204,NA,NA,NA,233.957794,NA
2025-02-28T11:01:54,204,NA,NA,NA,NA,0.001000
2025-02-28T11:01:55,205,14.881651,NA,NA,NA,NA
2025-02-28T11:01:55,205,NA,NA,1130.913717,NA,NA
2025-02-28T11:01:55,205,NA,NA,NA,226.365631,NA
2025-02-28T11:01:55,205,NA,NA,NA,NA,0.001000
2025-02-28T11:01:56,206,14.249605,NA,NA,NA,NA
2025-02-28T11:01:56,206,NA,NA,1110.451345,NA,NA
2025-02-28T11:01:56,206,NA,NA,NA,230.536896,NA
2025-02-28T11:01:56,206,NA,NA,NA,NA,0.001000
2025-02-28T11:01:57,207,16.475830,NA,NA,NA,NA
2025-02-28T11:01:57,207,NA,NA,1097.049495,NA,NA
2025-02-28T11:01:57,207,NA,NA,NA,233.353195,NA
2025-02-28T11:01:57,207,NA,NA,NA,NA,0.001000
2025-02-28T11:01:58,208,14.248442,NA,NA,NA,NA
2025-02-28T11:01:58,208,NA,NA,1118.015032,NA,NA
2025-02-28T11:01:58,208,NA,NA,NA,228.977249,NA
2025-02-28T11:01:58,208,NA,NA,NA,NA,0.001000
2025-02-28T11:02:00,209,14.844059,NA,NA,NA,NA
2025-02-28T11:02:00,209,NA,NA,1120.375700,NA,NA
2025-02-28T11:02:00,209,NA,NA,NA,228.494781,NA
2025-02-28T11:02:00,209,NA,NA,NA,NA,0.001000
2025-02-28T11:02:01,210,NA,13.982658,NA,NA,NA
2025-02-28T11:02:02,210,13.307056,NA,NA,NA,NA
2025-02-28T11:02:02,210,NA,NA,1072.219481,NA,NA
2025-02-28T11:02:02,210,NA,NA,NA,238.757080,NA
2025-02-28T11:02:02,210,NA,NA,NA,NA,0.001000
2025-02-28T11:02:03,211,14.173225,NA,NA,NA,NA
2025-02-28T11:02:03,211,NA,NA,1117.459867,NA,NA
2025-02-28T11:02:03,211,NA,NA,NA,229.091003,NA
2025-02-28T11:02:03,211,NA,NA,NA,NA,0.001000
2025-02-28T11:02:04,212,12.549931,NA,NA,NA,NA
2025-02-28T11:02:04,212,NA,NA,1073.331710,NA,NA
2025-02-28T11:02:04,212,NA,NA,NA,238.509674,NA
2025-02-28T11:02:04,212,NA,NA,NA,NA,0.001000
2025-02-28T11:02:05,213,12.452048,NA,NA,NA,NA
2025-02-28T11:02:05,213,NA,NA,1134.355546,NA,NA
2025-02-28T11:02:05,213,NA,NA,NA,225.678802,NA
2025-02-28T11:02:05,213,NA,NA,NA,NA,0.001000
2025-02-28T11:02:06,214,15.033535,NA,NA,NA,NA
2025-02-28T11:02:06,214,NA,NA,1068.019011,NA,NA
2025-02-28T11:02:06,214,NA,NA,NA,239.696106,NA
2025-02-28T11:02:06,214,NA,NA,NA,NA,0.001000
2025-02-28T11:02:08,215,15.816651,NA,NA,NA,NA
2025-02-28T11:02:08,215,NA,NA,1145.220431,NA,NA
2025-02-28T11:02:08,215,NA,NA,NA,223.537750,NA
2025-02-28T11:02:08,215,NA,NA,NA,NA,0.001000
2025-02-28T11:02:09,216,14.054727,NA,NA,NA,NA
2025-02-28T11:02:09,216,NA,NA,1107.285899,NA,NA
2025-02-28T11:02:09,216,NA,NA,NA,231.195938,NA
2025-02-28T11:02:09,216,NA,NA,NA,NA,0.001000
2025-02-28T11:02:10,217,12.927698,NA,NA,NA,NA
2025-02-28T11:02:10,217,NA,NA,1075.498550,NA,NA
2025-02-28T11:02:10,217,NA,NA,NA,238.029144,NA
2025-02-28T11:02:10,217,NA,NA,NA,NA,0.001000
2025-02-28T11:02:11,218,16.173950,NA,NA,NA,NA
2025-02-28T11:02:11,218,NA,NA,1120.867787,NA,NA
2025-02-28T11:02:11,218,NA,NA,NA,228.394470,NA
2025-02-28T11:02:11,218,NA,NA,NA,NA,0.001000
2025-02-28T11:02:12,219,13.764166,NA,NA,NA,NA
2025-02-28T11:02:12,219,NA,NA,1081.466474,NA,NA
2025-02-28T11:02:12,219,NA,NA,NA,236.715607,NA
2025-02-28T11:02:12,219,NA,NA,NA,NA,0.001000
2025-02-28T11:02:13,220,NA,13.387378,NA,NA,NA
2025-02-28T11:02:14,220,15.002829,NA,NA,NA,NA
2025-02-28T11:02:14,220,NA,NA,1108.685804,NA,NA
2025-02-28T11:02:14,220,NA,NA,NA,230.904007,NA
2025-02-28T11:02:14,220,NA,NA,NA,NA,0.001000
2025-02-28T11:02:16,221,12.473330,NA,NA,NA,NA
2025-02-28T11:02:16,221,NA,NA,1092.576608,NA,NA
2025-02-28T11:02:16,221,NA,NA,NA,234.308517,NA
2025-02-28T11:02:16,221,NA,NA,NA,NA,0.001000
2025-02-28T11:02:17,222,12.866503,NA,NA,NA,NA
2025-02-28T11:02:17,222,NA,NA,1095.998431,NA,NA
2025-02-28T11:02:17,222,NA,NA,NA,233.576981,NA
2025-02-28T11:02:17,222,NA,NA,NA,NA,0.001000
2025-02-28T11:02:18,223,11.136528,NA,NA,NA,NA
2025-02-28T11:02:18,223,NA,NA,1076.752819,NA,NA
2025-02-28T11:02:18,223,NA,NA,NA,237.751877,NA
2025-02-28T11:02:18,223,NA,NA,NA,NA,0.001000
2025-02-28T11:02:19,224,14.594786,NA,NA,NA,NA
2025-02-28T11:02:19,224,NA,NA,1108.335441,NA,NA
2025-02-28T11:02:19,224,NA,NA,NA,230.977005,NA
2025-02-28T11:02:19,224,NA,NA,NA,NA,0.001000
2025-02-28T11:02:20,225,13.889233,NA,NA,NA,NA
2025-02-28T11:02:20,225,NA,NA,1075.343635,NA,NA
2025-02-28T11:02:20,225,NA,NA,NA,238.063431,NA
2025-02-28T11:02:20,225,NA,NA,NA,NA,0.001000
2025-02-28T11:02:19,226,12.351521,NA,NA,NA,NA
2025-02-28T11:02:19,226,NA,NA,1145.923587,NA,NA
2025-02-28T11:02:19,226,NA,NA,NA,223.400589,NA
2025-02-28T11:02:19,226,NA,NA,NA,NA,0.001000
2025-02-28T11:02:20,227,14.059405,NA,NA,NA,NA
2025-02-28T11:02:20,227,NA,NA,1064.694094,NA,NA
2025-02-28T11:02:20,227,NA,NA,NA,240.444656,NA
2025-02-28T11:02:20,227,NA,NA,NA,NA,0.001000
2025-02-28T11:02:22,228,14.000943,NA,NA,NA,NA
2025-02-28T11:02:22,228,NA,NA,1132.353835,NA,NA
2025-02-28T11:02:22,228,NA,NA,NA,226.077744,NA
2025-02-28T11:02:22,228,NA,NA,NA,NA,0.001000
2025-02-28T11:02:23,229,13.252812,NA,NA,NA,NA
2025-02-28T11:02:23,229,NA,NA,1066.194224,NA,NA
2025-02-28T11:02:23,229,NA,NA,NA,240.106354,NA
2025-02-28T11:02:23,229,NA,NA,NA,NA,0.001000
2025-02-28T11:02:24,230,NA,13.106791,NA,NA,NA
2025-02-28T11:02:25,230,12.972139,NA,NA,NA,NA
2025-02-28T11:02:25,230,NA,NA,1082.828130,NA,NA
2025-02-28T11:02:25,230,NA,NA,NA,236.417938,NA
2025-02-28T11:02:25,230,NA,NA,NA,NA,0.001000
2025-02-28T11:02:26,231,13.047894,NA,NA,NA,NA
2025-02-28T11:02:26,231,NA,NA,1077.459390,NA,NA
2025-02-28T11:02:26,231,NA,NA,NA,237.595963,NA
2025-02-28T11:02:26,231,NA,NA,NA,NA,0.001000
2025-02-28T11:02:27,232,11.511261,NA,NA,NA,NA
2025-02-28T11:02:27,232,NA,NA,1066.491070,NA,NA
2025-02-28T11:02:27,232,NA,NA,NA,240.039520,NA
2025-02-28T11:02:27,232,NA,NA,NA,NA,0.001000
2025-02-28T11:02:28,233,13.050403,NA,NA,NA,NA
2025-02-28T11:02:28,233,NA,NA,1109.712563,NA,NA
2025-02-28T11:02:28,233,NA,NA,NA,230.690369,NA
2025-02-28T11:02:28,233,NA,NA,NA,NA,0.001000
2025-02-28T11:02:30,234,15.390831,NA,NA,NA,NA
2025-02-28T11:02:30,234,NA,NA,1141.730027,NA,NA
2025-02-28T11:02:30,234,NA,NA,NA,224.221130,NA
2025-02-28T11:02:30,234,NA,NA,NA,NA,0.001000
2025-02-28T11:02:31,235,12.072886,NA,NA,NA,NA
2025-02-28T11:02:31,235,NA,NA,1148.851762,NA,NA
2025-02-28T11:02:31,235,NA,NA,NA,222.831192,NA
2025-02-28T11:02:31,235,NA,NA,NA,NA,0.001000
2025-02-28T11:02:32,236,12.612545,NA,NA,NA,NA
2025-02-28T11:02:32,236,NA,NA,1098.187821,NA,NA
2025-02-28T11:02:32,236,NA,NA,NA,233.111313,NA
2025-02-28T11:02:32,236,NA,NA,NA,NA,0.001000
2025-02-28T11:02:33,237,13.458693,NA,NA,NA,NA
2025-02-28T11:02:33,237,NA,NA,1067.645196,NA,NA
2025-02-28T11:02:33,237,NA,NA,NA,239.780029,NA
2025-02-28T11:02:33,237,NA,NA,NA,NA,0.001000
2025-02-28T11:02:34,238,11.429596,NA,NA,NA,NA
2025-02-28T11:02:34,238,NA,NA,1066.135161,NA,NA
2025-02-28T11:02:34,238,NA,NA,NA,240.119644,NA
2025-02-28T11:02:34,238,NA,NA,NA,NA,0.001000
2025-02-28T11:02:35,239,13.048332,NA,NA,NA,NA
2025-02-28T11:02:35,239,NA,NA,1129.516311,NA,NA
2025-02-28T11:02:35,239,NA,NA,NA,226.645691,NA
2025-02-28T11:02:35,239,NA,NA,NA,NA,0.001000
2025-02-28T11:02:36,240,NA,12.822516,NA,NA,NA
2025-02-28T11:02:38,240,12.844034,NA,NA,NA,NA
2025-02-28T11:02:38,240,NA,NA,1111.663113,NA,NA
2025-02-28T11:02:38,240,NA,NA,NA,230.285599,NA
2025-02-28T11:02:38,240,NA,NA,NA,NA,0.001000
2025-02-28T11:02:39,241,12.605830,NA,NA,NA,NA
2025-02-28T11:02:39,241,NA,NA,1064.785947,NA,NA
2025-02-28T11:02:39,241,NA,NA,NA,240.423904,NA
2025-02-28T11:02:39,241,NA,NA,NA,NA,0.001000
2025-02-28T11:02:40,242,13.389029,NA,NA,NA,NA
2025-02-28T11:02:40,242,NA,NA,1214.844199,NA,NA
2025-02-28T11:02:40,242,NA,NA,NA,210.726608,NA
2025-02-28T11:02:40,242,NA,NA,NA,NA,0.001000
2025-02-28T11:02:41,243,14.312817,NA,NA,NA,NA
2025-02-28T11:02:41,243,NA,NA,1099.227440,NA,NA
2025-02-28T11:02:41,243,NA,NA,NA,232.890839,NA
2025-02-28T11:02:41,243,NA,NA,NA,NA,0.001000
2025-02-28T11:02:42,244,12.220356,NA,NA,NA,NA
2025-02-28T11:02:42,244,NA,NA,1093.852070,NA,NA
2025-02-28T11:02:42,244,NA,NA,NA,234.035309,NA
2025-02-28T11:02:42,244,NA,NA,NA,NA,0.001000
2025-02-28T11:02:43,245,12.348461,NA,NA,NA,NA
2025-02-28T11:02:43,245,NA,NA,1056.566918,NA,NA
2025-02-28T11:02:43,245,NA,NA,NA,242.294159,NA
2025-02-28T11:02:43,245,NA,NA,NA,NA,0.001000
2025-02-28T11:02:44,246,12.773022,NA,NA,NA,NA
2025-02-28T11:02:44,246,NA,NA,1102.571695,NA,NA
2025-02-28T11:02:44,246,NA,NA,NA,232.184448,NA
2025-02-28T11:02:44,246,NA,NA,NA,NA,0.001000
2025-02-28T11:02:45,247,11.575003,NA,NA,NA,NA
2025-02-28T11:02:45,247,NA,NA,1098.116630,NA,NA
2025-02-28T11:02:45,247,NA,NA,NA,233.126419,NA
2025-02-28T11:02:45,247,NA,NA,NA,NA,0.001000
2025-02-28T11:02:46,248,13.791198,NA,NA,NA,NA
2025-02-28T11:02:46,248,NA,NA,1106.538220,NA,NA
2025-02-28T11:02:46,248,NA,NA,NA,231.352158,NA
2025-02-28T11:02:46,248,NA,NA,NA,NA,0.001000
2025-02-28T11:02:47,249,12.936736,NA,NA,NA,NA
2025-02-28T11:02:47,249,NA,NA,1069.222973,NA,NA
2025-02-28T11:02:47,249,NA,NA,NA,239.426208,NA
2025-02-28T11:02:47,249,NA,NA,NA,NA,0.001000
2025-02-28T11:02:49,250,NA,12.751821,NA,NA,NA
2025-02-28T11:02:50,250,10.463907,NA,NA,NA,NA
2025-02-28T11:02:50,250,NA,NA,1083.258036,NA,NA
2025-02-28T11:02:50,250,NA,NA,NA,236.324112,NA
2025-02-28T11:02:50,250,NA,NA,NA,NA,0.001000
2025-02-28T11:02:51,251,11.193122,NA,NA,NA,NA
2025-02-28T11:02:51,251,NA,NA,1090.562476,NA,NA
2025-02-28T11:02:51,251,NA,NA,NA,234.741257,NA
2025-02-28T11:02:51,251,NA,NA,NA,NA,0.001000
2025-02-28T11:02:50,252,12.911311,NA,NA,NA,NA
2025-02-28T11:02:50,252,NA,NA,1064.954209,NA,NA
2025-02-28T11:02:50,252,NA,NA,NA,240.385925,NA
2025-02-28T11:02:50,252,NA,NA,NA,NA,0.001000
2025-02-28T11:02:51,253,13.856619,NA,NA,NA,NA
2025-02-28T11:02:51,253,NA,NA,1130.494452,NA,NA
2025-02-28T11:02:51,253,NA,NA,NA,226.449585,NA
2025-02-28T11:02:51,253,NA,NA,NA,NA,0.001000
2025-02-28T11:02:53,254,13.336373,NA,NA,NA,NA
2025-02-28T11:02:53,254,NA,NA,1079.898815,NA,NA
2025-02-28T11:02:53,254,NA,NA,NA,237.059250,NA
2025-02-28T11:02:53,254,NA,NA,NA,NA,0.001000
2025-02-28T11:02:54,255,11.818649,NA,NA,NA,NA
2025-02-28T11:02:54,255,NA,NA,1234.553045,NA,NA
2025-02-28T11:02:54,255,NA,NA,NA,207.362488,NA
2025-02-28T11:02:54,255,NA,NA,NA,NA,0.001000
2025-02-28T11:02:55,256,13.537366,NA,NA,NA,NA
2025-02-28T11:02:55,256,NA,NA,1386.839533,NA,NA
2025-02-28T11:02:55,256,NA,NA,NA,184.592377,NA
2025-02-28T11:02:55,256,NA,NA,NA,NA,0.001000
2025-02-28T11:02:56,257,13.076863,NA,NA,NA,NA
2025-02-28T11:02:56,257,NA,NA,1218.602528,NA,NA
2025-02-28T11:02:56,257,NA,NA,NA,210.076706,NA
2025-02-28T11:02:56,257,NA,NA,NA,NA,0.001000
2025-02-28T11:02:58,258,14.156048,NA,NA,NA,NA
2025-02-28T11:02:58,258,NA,NA,1093.432004,NA,NA
2025-02-28T11:02:58,258,NA,NA,NA,234.125214,NA
2025-02-28T11:02:58,258,NA,NA,NA,NA,0.001000
2025-02-28T11:02:59,259,12.657474,NA,NA,NA,NA
2025-02-28T11:02:59,259,NA,NA,1140.508975,NA,NA
2025-02-28T11:02:59,259,NA,NA,NA,224.461182,NA
2025-02-28T11:02:59,259,NA,NA,NA,NA,0.001000
2025-02-28T11:03:00,260,NA,12.241660,NA,NA,NA
2025-02-28T11:03:01,260,12.850746,NA,NA,NA,NA
2025-02-28T11:03:01,260,NA,NA,1122.371934,NA,NA
2025-02-28T11:03:01,260,NA,NA,NA,228.088379,NA
2025-02-28T11:03:01,260,NA,NA,NA,NA,0.001000
2025-02-28T11:03:02,261,12.578442,NA,NA,NA,NA
2025-02-28T11:03:02,261,NA,NA,1081.920549,NA,NA
2025-02-28T11:03:02,261,NA,NA,NA,236.616272,NA
2025-02-28T11:03:02,261,NA,NA,NA,NA,0.001000
2025-02-28T11:03:03,262,11.739742,NA,NA,NA,NA
2025-02-28T11:03:03,262,NA,NA,1143.212037,NA,NA
2025-02-28T11:03:03,262,NA,NA,NA,223.930466,NA
2025-02-28T11:03:03,262,NA,NA,NA,NA,0.001000
2025-02-28T11:03:04,263,12.369422,NA,NA,NA,NA
2025-02-28T11:03:04,263,NA,NA,1064.764593,NA,NA
2025-02-28T11:03:04,263,NA,NA,NA,240.428726,NA
2025-02-28T11:03:04,263,NA,NA,NA,NA,0.001000
2025-02-28T11:03:06,264,13.053699,NA,NA,NA,NA
2025-02-28T11:03:06,264,NA,NA,1119.633819,NA,NA
2025-02-28T11:03:06,264,NA,NA,NA,228.646179,NA
2025-02-28T11:03:06,264,NA,NA,NA,NA,0.001000
2025-02-28T11:03:07,265,15.081354,NA,NA,NA,NA
2025-02-28T11:03:07,265,NA,NA,1222.246382,NA,NA
2025-02-28T11:03:07,265,NA,NA,NA,209.450409,NA
2025-02-28T11:03:07,265,NA,NA,NA,NA,0.001000
2025-02-28T11:03:08,266,11.160433,NA,NA,NA,NA
2025-02-28T11:03:08,266,NA,NA,1151.901788,NA,NA
2025-02-28T11:03:08,266,NA,NA,NA,222.241165,NA
2025-02-28T11:03:08,266,NA,NA,NA,NA,0.001000
2025-02-28T11:03:09,267,11.532806,NA,NA,NA,NA
2025-02-28T11:03:09,267,NA,NA,1078.143206,NA,NA
2025-02-28T11:03:09,267,NA,NA,NA,237.445267,NA
2025-02-28T11:03:09,267,NA,NA,NA,NA,0.001000
2025-02-28T11:03:10,268,13.472962,NA,NA,NA,NA
2025-02-28T11:03:10,268,NA,NA,1161.251067,NA,NA
2025-02-28T11:03:10,268,NA,NA,NA,220.451889,NA
2025-02-28T11:03:10,268,NA,NA,NA,NA,0.001000
2025-02-28T11:03:11,269,12.158434,NA,NA,NA,NA
2025-02-28T11:03:11,269,NA,NA,1219.098206,NA,NA
2025-02-28T11:03:11,269,NA,NA,NA,209.991287,NA
2025-02-28T11:03:11,269,NA,NA,NA,NA,0.001000
2025-02-28T11:03:13,270,NA,11.965321,NA,NA,NA
2025-02-28T11:03:14,270,11.931983,NA,NA,NA,NA
2025-02-28T11:03:14,270,NA,NA,1101.140006,NA,NA
2025-02-28T11:03:14,270,NA,NA,NA,232.486328,NA
2025-02-28T11:03:14,270,NA,NA,NA,NA,0.001000
2025-02-28T11:03:15,271,11.842587,NA,NA,NA,NA
2025-02-28T11:03:15,271,NA,NA,1148.075267,NA,NA
2025-02-28T11:03:15,271,NA,NA,NA,222.981903,NA
2025-02-28T11:03:15,271,NA,NA,NA,NA,0.001000
2025-02-28T11:03:16,272,13.150866,NA,NA,NA,NA
2025-02-28T11:03:16,272,NA,NA,1143.214133,NA,NA
2025-02-28T11:03:16,272,NA,NA,NA,223.930054,NA
2025-02-28T11:03:16,272,NA,NA,NA,NA,0.001000
2025-02-28T11:03:17,273,11.943197,NA,NA,NA,NA
2025-02-28T11:03:17,273,NA,NA,1127.333299,NA,NA
2025-02-28T11:03:17,273,NA,NA,NA,227.084579,NA
2025-02-28T11:03:17,273,NA,NA,NA,NA,0.001000
2025-02-28T11:03:19,274,10.806351,NA,NA,NA,NA
2025-02-28T11:03:19,274,NA,NA,1346.690699,NA,NA
2025-02-28T11:03:19,274,NA,NA,NA,190.095612,NA
2025-02-28T11:03:19,274,NA,NA,NA,NA,0.001000
2025-02-28T11:03:20,275,10.730790,NA,NA,NA,NA
2025-02-28T11:03:20,275,NA,NA,1165.999607,NA,NA
2025-02-28T11:03:20,275,NA,NA,NA,219.554108,NA
2025-02-28T11:03:20,275,NA,NA,NA,NA,0.001000
2025-02-28T11:03:21,276,12.598291,NA,NA,NA,NA
2025-02-28T11:03:21,276,NA,NA,1203.422713,NA,NA
2025-02-28T11:03:21,276,NA,NA,NA,212.726578,NA
2025-02-28T11:03:21,276,NA,NA,NA,NA,0.001000
2025-02-28T11:03:21,277,12.222931,NA,NA,NA,NA
2025-02-28T11:03:21,277,NA,NA,1183.858414,NA,NA
2025-02-28T11:03:21,277,NA,NA,NA,216.242081,NA
2025-02-28T11:03:21,277,NA,NA,NA,NA,0.001000
2025-02-28T11:03:22,278,10.160418,NA,NA,NA,NA
2025-02-28T11:03:22,278,NA,NA,1092.104805,NA,NA
2025-02-28T11:03:22,278,NA,NA,NA,234.409744,NA
2025-02-28T11:03:22,278,NA,NA,NA,NA,0.001000
2025-02-28T11:03:23,279,14.534307,NA,NA,NA,NA
2025-02-28T11:03:23,279,NA,NA,1093.438457,NA,NA
2025-02-28T11:03:23,279,NA,NA,NA,234.123825,NA
2025-02-28T11:03:23,279,NA,NA,NA,NA,0.001000
2025-02-28T11:03:24,280,NA,11.573893,NA,NA,NA
2025-02-28T11:03:25,280,12.143923,NA,NA,NA,NA
2025-02-28T11:03:25,280,NA,NA,1137.214098,NA,NA
2025-02-28T11:03:25,280,NA,NA,NA,225.111526,NA
2025-02-28T11:03:25,280,NA,NA,NA,NA,0.001000
2025-02-28T11:03:26,281,10.509789,NA,NA,NA,NA
2025-02-28T11:03:26,281,NA,NA,1115.169932,NA,NA
2025-02-28T11:03:26,281,NA,NA,NA,229.561432,NA
2025-02-28T11:03:26,281,NA,NA,NA,NA,0.001000
2025-02-28T11:03:28,282,10.076438,NA,NA,NA,NA
2025-02-28T11:03:28,282,NA,NA,1137.200027,NA,NA
2025-02-28T11:03:28,282,NA,NA,NA,225.114304,NA
2025-02-28T11:03:28,282,NA,NA,NA,NA,0.001000
2025-02-28T11:03:29,283,11.988981,NA,NA,NA,NA
2025-02-28T11:03:29,283,NA,NA,1061.477879,NA,NA
2025-02-28T11:03:29,283,NA,NA,NA,241.173187,NA
2025-02-28T11:03:29,283,NA,NA,NA,NA,0.001000
2025-02-28T11:03:30,284,10.602821,NA,NA,NA,NA
2025-02-28T11:03:30,284,NA,NA,1133.993844,NA,NA
2025-02-28T11:03:30,284,NA,NA,NA,225.750778,NA
2025-02-28T11:03:30,284,NA,NA,NA,NA,0.001000
2025-02-28T11:03:31,285,13.101101,NA,NA,NA,NA
2025-02-28T11:03:31,285,NA,NA,1142.068371,NA,NA
2025-02-28T11:03:31,285,NA,NA,NA,224.154709,NA
2025-02-28T11:03:31,285,NA,NA,NA,NA,0.001000
2025-02-28T11:03:32,286,11.880926,NA,NA,NA,NA
2025-02-28T11:03:32,286,NA,NA,1123.901738,NA,NA
2025-02-28T11:03:32,286,NA,NA,NA,227.777924,NA
2025-02-28T11:03:32,286,NA,NA,NA,NA,0.001000
2025-02-28T11:03:33,287,10.901381,NA,NA,NA,NA
2025-02-28T11:03:33,287,NA,NA,1074.492093,NA,NA
2025-02-28T11:03:33,287,NA,NA,NA,238.252106,NA
2025-02-28T11:03:33,287,NA,NA,NA,NA,0.001000
2025-02-28T11:03:34,288,12.499935,NA,NA,NA,NA
2025-02-28T11:03:34,288,NA,NA,1122.110062,NA,NA
2025-02-28T11:03:34,288,NA,NA,NA,228.141617,NA
2025-02-28T11:03:34,288,NA,NA,NA,NA,0.001000
2025-02-28T11:03:35,289,14.794968,NA,NA,NA,NA
2025-02-28T11:03:35,289,NA,NA,1085.212937,NA,NA
2025-02-28T11:03:35,289,NA,NA,NA,235.898407,NA
2025-02-28T11:03:35,289,NA,NA,NA,NA,0.001000
2025-02-28T11:03:37,290,NA,11.633786,NA,NA,NA
2025-02-28T11:03:38,290,12.569107,NA,NA,NA,NA
2025-02-28T11:03:38,290,NA,NA,1162.750072,NA,NA
2025-02-28T11:03:38,290,NA,NA,NA,220.167694,NA
2025-02-28T11:03:38,290,NA,NA,NA,NA,0.001000
2025-02-28T11:03:39,291,10.199331,NA,NA,NA,NA
2025-02-28T11:03:39,291,NA,NA,1154.836363,NA,NA
2025-02-28T11:03:39,291,NA,NA,NA,221.676422,NA
2025-02-28T11:03:39,291,NA,NA,NA,NA,0.001000
2025-02-28T11:03:40,292,11.147745,NA,NA,NA,NA
2025-02-28T11:03:40,292,NA,NA,1062.401921,NA,NA
2025-02-28T11:03:40,292,NA,NA,NA,240.963425,NA
2025-02-28T11:03:40,292,NA,NA,NA,NA,0.001000
2025-02-28T11:03:41,293,10.540892,NA,NA,NA,NA
2025-02-28T11:03:41,293,NA,NA,1073.319256,NA,NA
2025-02-28T11:03:41,293,NA,NA,NA,238.512451,NA
2025-02-28T11:03:41,293,NA,NA,NA,NA,0.001000
2025-02-28T11:03:42,294,10.859634,NA,NA,NA,NA
2025-02-28T11:03:42,294,NA,NA,1077.603913,NA,NA
2025-02-28T11:03:42,294,NA,NA,NA,237.564102,NA
2025-02-28T11:03:42,294,NA,NA,NA,NA,0.001000
2025-02-28T11:03:43,295,11.523155,NA,NA,NA,NA
2025-02-28T11:03:43,295,NA,NA,1125.325285,NA,NA
2025-02-28T11:03:43,295,NA,NA,NA,227.489777,NA
2025-02-28T11:03:43,295,NA,NA,NA,NA,0.001000
2025-02-28T11:03:44,296,11.228136,NA,NA,NA,NA
2025-02-28T11:03:44,296,NA,NA,1077.997462,NA,NA
2025-02-28T11:03:44,296,NA,NA,NA,237.477371,NA
2025-02-28T11:03:44,296,NA,NA,NA,NA,0.001000
2025-02-28T11:03:46,297,10.216217,NA,NA,NA,NA
2025-02-28T11:03:46,297,NA,NA,1118.250371,NA,NA
2025-02-28T11:03:46,297,NA,NA,NA,228.929062,NA
2025-02-28T11:03:46,297,NA,NA,NA,NA,0.001000
2025-02-28T11:03:47,298,11.235220,NA,NA,NA,NA
2025-02-28T11:03:47,298,NA,NA,1148.830569,NA,NA
2025-02-28T11:03:47,298,NA,NA,NA,222.835297,NA
2025-02-28T11:03:47,298,NA,NA,NA,NA,0.001000
2025-02-28T11:03:48,299,11.683392,NA,NA,NA,NA
2025-02-28T11:03:48,299,NA,NA,1178.780417,NA,NA
2025-02-28T11:03:48,299,NA,NA,NA,217.173615,NA
2025-02-28T11:03:48,299,NA,NA,NA,NA,0.001000
2025-02-28T11:03:49,300,NA,11.489117,NA,NA,NA
2025-02-28T11:03:50,300,12.849995,NA,NA,NA,NA
2025-02-28T11:03:50,300,NA,NA,1167.485370,NA,NA
2025-02-28T11:03:50,300,NA,NA,NA,219.274704,NA
2025-02-28T11:03:50,300,NA,NA,NA,NA,0.001000
2025-02-28T11:03:52,301,11.547775,NA,NA,NA,NA
2025-02-28T11:03:52,301,NA,NA,1194.548766,NA,NA
2025-02-28T11:03:52,301,NA,NA,NA,214.306870,NA
2025-02-28T11:03:52,301,NA,NA,NA,NA,0.001000
2025-02-28T11:03:51,302,10.817980,NA,NA,NA,NA
2025-02-28T11:03:51,302,NA,NA,1161.839143,NA,NA
2025-02-28T11:03:51,302,NA,NA,NA,220.340317,NA
2025-02-28T11:03:51,302,NA,NA,NA,NA,0.001000
2025-02-28T11:03:52,303,12.090899,NA,NA,NA,NA
2025-02-28T11:03:52,303,NA,NA,1138.201971,NA,NA
2025-02-28T11:03:52,303,NA,NA,NA,224.916153,NA
2025-02-28T11:03:52,303,NA,NA,NA,NA,0.001000
2025-02-28T11:03:53,304,12.474592,NA,NA,NA,NA
2025-02-28T11:03:53,304,NA,NA,1160.882943,NA,NA
2025-02-28T11:03:53,304,NA,NA,NA,220.521805,NA
2025-02-28T11:03:53,304,NA,NA,NA,NA,0.001000
2025-02-28T11:03:54,305,11.479452,NA,NA,NA,NA
2025-02-28T11:03:54,305,NA,NA,1078.583347,NA,NA
2025-02-28T11:03:54,305,NA,NA,NA,237.348373,NA
2025-02-28T11:03:54,305,NA,NA,NA,NA,0.001000
2025-02-28T11:03:56,306,10.621872,NA,NA,NA,NA
2025-02-28T11:03:56,306,NA,NA,1269.985306,NA,NA
2025-02-28T11:03:56,306,NA,NA,NA,201.577133,NA
2025-02-28T11:03:56,306,NA,NA,NA,NA,0.001000
2025-02-28T11:03:57,307,11.115749,NA,NA,NA,NA
2025-02-28T11:03:57,307,NA,NA,1169.855791,NA,NA
2025-02-28T11:03:57,307,NA,NA,NA,218.830383,NA
2025-02-28T11:03:57,307,NA,NA,NA,NA,0.001000
2025-02-28T11:03:58,308,12.310630,NA,NA,NA,NA
2025-02-28T11:03:58,308,NA,NA,1132.376809,NA,NA
2025-02-28T11:03:58,308,NA,NA,NA,226.073151,NA
2025-02-28T11:03:58,308,NA,NA,NA,NA,0.001000
2025-02-28T11:03:59,309,12.454548,NA,NA,NA,NA
2025-02-28T11:03:59,309,NA,NA,1068.649778,NA,NA
2025-02-28T11:03:59,309,NA,NA,NA,239.554626,NA
2025-02-28T11:03:59,309,NA,NA,NA,NA,0.001000
2025-02-28T11:04:01,310,NA,11.207343,NA,NA,NA
2025-02-28T11:04:02,310,10.931652,NA,NA,NA,NA
2025-02-28T11:04:02,310,NA,NA,1113.120116,NA,NA
2025-02-28T11:04:02,310,NA,NA,NA,229.984161,NA
2025-02-28T11:04:02,310,NA,NA,NA,NA,0.001000
2025-02-28T11:04:03,311,11.859900,NA,NA,NA,NA
2025-02-28T11:04:03,311,NA,NA,1057.378466,NA,NA
2025-02-28T11:04:03,311,NA,NA,NA,242.108200,NA
2025-02-28T11:04:03,311,NA,NA,NA,NA,0.001000
2025-02-28T11:04:04,312,11.810375,NA,NA,NA,NA
2025-02-28T11:04:04,312,NA,NA,1071.669966,NA,NA
2025-02-28T11:04:04,312,NA,NA,NA,238.879517,NA
2025-02-28T11:04:04,312,NA,NA,NA,NA,0.001000
2025-02-28T11:04:05,313,10.116419,NA,NA,NA,NA
2025-02-28T11:04:05,313,NA,NA,1179.942449,NA,NA
2025-02-28T11:04:05,313,NA,NA,NA,216.959732,NA
2025-02-28T11:04:05,313,NA,NA,NA,NA,0.001000
2025-02-28T11:04:06,314,11.852495,NA,NA,NA,NA
2025-02-28T11:04:06,314,NA,NA,1140.104410,NA,NA
2025-02-28T11:04:06,314,NA,NA,NA,224.540833,NA
2025-02-28T11:04:06,314,NA,NA,NA,NA,0.001000
2025-02-28T11:04:07,315,10.380816,NA,NA,NA,NA
2025-02-28T11:04:07,315,NA,NA,1104.803050,NA,NA
2025-02-28T11:04:07,315,NA,NA,NA,231.715515,NA
2025-02-28T11:04:07,315,NA,NA,NA,NA,0.001000
2025-02-28T11:04:08,316,10.836403,NA,NA,NA,NA
2025-02-28T11:04:08,316,NA,NA,1083.881539,NA,NA
2025-02-28T11:04:08,316,NA,NA,NA,236.188171,NA
2025-02-28T11:04:08,316,NA,NA,NA,NA,0.001000
2025-02-28T11:04:10,317,11.945818,NA,NA,NA,NA
2025-02-28T11:04:10,317,NA,NA,1215.078437,NA,NA
2025-02-28T11:04:10,317,NA,NA,NA,210.685989,NA
2025-02-28T11:04:10,317,NA,NA,NA,NA,0.001000
2025-02-28T11:04:11,318,9.981998,NA,NA,NA,NA
2025-02-28T11:04:11,318,NA,NA,1171.342204,NA,NA
2025-02-28T11:04:11,318,NA,NA,NA,218.552704,NA
2025-02-28T11:04:11,318,NA,NA,NA,NA,0.001000
2025-02-28T11:04:12,319,11.188364,NA,NA,NA,NA
2025-02-28T11:04:12,319,NA,NA,1075.444219,NA,NA
2025-02-28T11:04:12,319,NA,NA,NA,238.041168,NA
2025-02-28T11:04:12,319,NA,NA,NA,NA,0.001000
2025-02-28T11:04:13,320,NA,11.162352,NA,NA,NA
2025-02-28T11:04:14,320,11.080526,NA,NA,NA,NA
2025-02-28T11:04:14,320,NA,NA,1096.556895,NA,NA
2025-02-28T11:04:14,320,NA,NA,NA,233.458023,NA
2025-02-28T11:04:14,320,NA,NA,NA,NA,0.001000
2025-02-28T11:04:15,321,9.673895,NA,NA,NA,NA
2025-02-28T11:04:15,321,NA,NA,1091.938778,NA,NA
2025-02-28T11:04:15,321,NA,NA,NA,234.445374,NA
2025-02-28T11:04:15,321,NA,NA,NA,NA,0.001000
2025-02-28T11:04:16,322,11.514519,NA,NA,NA,NA
2025-02-28T11:04:16,322,NA,NA,1122.360384,NA,NA
2025-02-28T11:04:16,322,NA,NA,NA,228.090729,NA
2025-02-28T11:04:16,322,NA,NA,NA,NA,0.001000
2025-02-28T11:04:18,323,11.393759,NA,NA,NA,NA
2025-02-28T11:04:18,323,NA,NA,1058.751004,NA,NA
2025-02-28T11:04:18,323,NA,NA,NA,241.794342,NA
2025-02-28T11:04:18,323,NA,NA,NA,NA,0.001000
2025-02-28T11:04:19,324,12.850340,NA,NA,NA,NA
2025-02-28T11:04:19,324,NA,NA,1139.659318,NA,NA
2025-02-28T11:04:19,324,NA,NA,NA,224.628525,NA
2025-02-28T11:04:19,324,NA,NA,NA,NA,0.001000
2025-02-28T11:04:20,325,10.602426,NA,NA,NA,NA
2025-02-28T11:04:20,325,NA,NA,1072.838393,NA,NA
2025-02-28T11:04:20,325,NA,NA,NA,238.619354,NA
2025-02-28T11:04:20,325,NA,NA,NA,NA,0.001000
2025-02-28T11:04:21,326,12.658237,NA,NA,NA,NA
2025-02-28T11:04:21,326,NA,NA,1109.777346,NA,NA
2025-02-28T11:04:21,326,NA,NA,NA,230.676895,NA
2025-02-28T11:04:21,326,NA,NA,NA,NA,0.001000
2025-02-28T11:04:22,327,12.244867,NA,NA,NA,NA
2025-02-28T11:04:22,327,NA,NA,1065.187069,NA,NA
2025-02-28T11:04:22,327,NA,NA,NA,240.333374,NA
2025-02-28T11:04:22,327,NA,NA,NA,NA,0.001000
2025-02-28T11:04:21,328,11.303778,NA,NA,NA,NA
2025-02-28T11:04:21,328,NA,NA,1132.122794,NA,NA
2025-02-28T11:04:21,328,NA,NA,NA,226.123886,NA
2025-02-28T11:04:21,328,NA,NA,NA,NA,0.001000
2025-02-28T11:04:22,329,10.864441,NA,NA,NA,NA
2025-02-28T11:04:22,329,NA,NA,1064.712574,NA,NA
2025-02-28T11:04:22,329,NA,NA,NA,240.440475,NA
2025-02-28T11:04:22,329,NA,NA,NA,NA,0.001000
2025-02-28T11:04:24,330,NA,10.946074,NA,NA,NA
2025-02-28T11:04:25,330,11.143492,NA,NA,NA,NA
2025-02-28T11:04:25,330,NA,NA,1104.067146,NA,NA
2025-02-28T11:04:25,330,NA,NA,NA,231.869949,NA
2025-02-28T11:04:25,330,NA,NA,NA,NA,0.001000
2025-02-28T11:04:26,331,12.587294,NA,NA,NA,NA
2025-02-28T11:04:26,331,NA,NA,1159.651640,NA,NA
2025-02-28T11:04:26,331,NA,NA,NA,220.755951,NA
2025-02-28T11:04:26,331,NA,NA,NA,NA,0.001000
2025-02-28T11:04:27,332,11.099489,NA,NA,NA,NA
2025-02-28T11:04:27,332,NA,NA,1077.986584,NA,NA
2025-02-28T11:04:27,332,NA,NA,NA,237.479767,NA
2025-02-28T11:04:27,332,NA,NA,NA,NA,0.001000
2025-02-28T11:04:28,333,11.266302,NA,NA,NA,NA
2025-02-28T11:04:28,333,NA,NA,1091.013779,NA,NA
2025-02-28T11:04:28,333,NA,NA,NA,234.644150,NA
2025-02-28T11:04:28,333,NA,NA,NA,NA,0.001000
2025-02-28T11:04:29,334,11.486423,NA,NA,NA,NA
2025-02-28T11:04:29,334,NA,NA,1075.210490,NA,NA
2025-02-28T11:04:29,334,NA,NA,NA,238.092911,NA
2025-02-28T11:04:29,334,NA,NA,NA,NA,0.001000
2025-02-28T11:04:30,335,10.844212,NA,NA,NA,NA
2025-02-28T11:04:30,335,NA,NA,1143.493971,NA,NA
2025-02-28T11:04:30,335,NA,NA,NA,223.875244,NA
2025-02-28T11:04:30,335,NA,NA,NA,NA,0.001000
2025-02-28T11:04:32,336,10.215866,NA,NA,NA,NA
2025-02-28T11:04:32,336,NA,NA,1121.863176,NA,NA
2025-02-28T11:04:32,336,NA,NA,NA,228.191818,NA
2025-02-28T11:04:32,336,NA,NA,NA,NA,0.001000
2025-02-28T11:04:33,337,10.084034,NA,NA,NA,NA
2025-02-28T11:04:33,337,NA,NA,1075.880110,NA,NA
2025-02-28T11:04:33,337,NA,NA,NA,237.944733,NA
2025-02-28T11:04:33,337,NA,NA,NA,NA,0.001000
2025-02-28T11:04:34,338,11.611076,NA,NA,NA,NA
2025-02-28T11:04:34,338,NA,NA,1061.613405,NA,NA
2025-02-28T11:04:34,338,NA,NA,NA,241.142395,NA
2025-02-28T11:04:34,338,NA,NA,NA,NA,0.001000
2025-02-28T11:04:35,339,9.923475,NA,NA,NA,NA
2025-02-28T11:04:35,339,NA,NA,1129.644816,NA,NA
2025-02-28T11:04:35,339,NA,NA,NA,226.619904,NA
2025-02-28T11:04:35,339,NA,NA,NA,NA,0.001000
2025-02-28T11:04:36,340,NA,10.770890,NA,NA,NA
2025-02-28T11:04:37,340,11.937957,NA,NA,NA,NA
2025-02-28T11:04:37,340,NA,NA,1102.003812,NA,NA
2025-02-28T11:04:37,340,NA,NA,NA,232.304092,NA
2025-02-28T11:04:37,340,NA,NA,NA,NA,0.001000
2025-02-28T11:04:38,341,10.366128,NA,NA,NA,NA
2025-02-28T11:04:38,341,NA,NA,1066.459552,NA,NA
2025-02-28T11:04:38,341,NA,NA,NA,240.046616,NA
2025-02-28T11:04:38,341,NA,NA,NA,NA,0.001000
2025-02-28T11:04:40,342,10.048153,NA,NA,NA,NA
2025-02-28T11:04:40,342,NA,NA,1148.039401,NA,NA
2025-02-28T11:04:40,342,NA,NA,NA,222.988861,NA
2025-02-28T11:04:40,342,NA,NA,NA,NA,0.001000
2025-02-28T11:04:41,343,8.734169,NA,NA,NA,NA
2025-02-28T11:04:41,343,NA,NA,1063.976274,NA,NA
2025-02-28T11:04:41,343,NA,NA,NA,240.606873,NA
2025-02-28T11:04:41,343,NA,NA,NA,NA,0.001000
2025-02-28T11:04:42,344,11.930442,NA,NA,NA,NA
2025-02-28T11:04:42,344,NA,NA,1066.505453,NA,NA
2025-02-28T11:04:42,344,NA,NA,NA,240.036285,NA
2025-02-28T11:04:42,344,NA,NA,NA,NA,0.001000
2025-02-28T11:04:43,345,13.065418,NA,NA,NA,NA
2025-02-28T11:04:43,345,NA,NA,1065.718351,NA,NA
2025-02-28T11:04:43,345,NA,NA,NA,240.213562,NA
2025-02-28T11:04:43,345,NA,NA,NA,NA,0.001000
2025-02-28T11:04:44,346,9.726769,NA,NA,NA,NA
2025-02-28T11:04:44,346,NA,NA,1214.637577,NA,NA
2025-02-28T11:04:44,346,NA,NA,NA,210.762451,NA
2025-02-28T11:04:44,346,NA,NA,NA,NA,0.001000
2025-02-28T11:04:45,347,11.124642,NA,NA,NA,NA
2025-02-28T11:04:45,347,NA,NA,1118.415111,NA,NA
2025-02-28T11:04:45,347,NA,NA,NA,228.895340,NA
2025-02-28T11:04:45,347,NA,NA,NA,NA,0.001000
2025-02-28T11:04:46,348,11.541613,NA,NA,NA,NA
2025-02-28T11:04:46,348,NA,NA,1078.453676,NA,NA
2025-02-28T11:04:46,348,NA,NA,NA,237.376907,NA
2025-02-28T11:04:46,348,NA,NA,NA,NA,0.001000
2025-02-28T11:04:47,349,13.218807,NA,NA,NA,NA
2025-02-28T11:04:47,349,NA,NA,1106.851368,NA,NA
2025-02-28T11:04:47,349,NA,NA,NA,231.286697,NA
2025-02-28T11:04:47,349,NA,NA,NA,NA,0.001000
2025-02-28T11:04:49,350,NA,10.424671,NA,NA,NA
2025-02-28T11:04:50,350,11.108188,NA,NA,NA,NA
2025-02-28T11:04:50,350,NA,NA,1085.173353,NA,NA
2025-02-28T11:04:50,350,NA,NA,NA,235.907013,NA
2025-02-28T11:04:50,350,NA,NA,NA,NA,0.001000
2025-02-28T11:04:51,351,10.080637,NA,NA,NA,NA
2025-02-28T11:04:51,351,NA,NA,1098.802451,NA,NA
2025-02-28T11:04:51,351,NA,NA,NA,232.980911,NA
2025-02-28T11:04:51,351,NA,NA,NA,NA,0.001000
2025-02-28T11:04:52,352,9.230946,NA,NA,NA,NA
2025-02-28T11:04:52,352,NA,NA,1059.920590,NA,NA
2025-02-28T11:04:52,352,NA,NA,NA,241.527527,NA
2025-02-28T11:04:52,352,NA,NA,NA,NA,0.001000
2025-02-28T11:04:53,353,10.457905,NA,NA,NA,NA
2025-02-28T11:04:53,353,NA,NA,1143.649399,NA,NA
2025-02-28T11:04:53,353,NA,NA,NA,223.844818,NA
2025-02-28T11:04:53,353,NA,NA,NA,NA,0.001000
2025-02-28T11:04:52,354,11.910081,NA,NA,NA,NA
2025-02-28T11:04:52,354,NA,NA,1080.080550,NA,NA
2025-02-28T11:04:52,354,NA,NA,NA,237.019363,NA
2025-02-28T11:04:52,354,NA,NA,NA,NA,0.001000
2025-02-28T11:04:54,355,11.017640,NA,NA,NA,NA
2025-02-28T11:04:54,355,NA,NA,1142.237291,NA,NA
2025-02-28T11:04:54,355,NA,NA,NA,224.121552,NA
2025-02-28T11:04:54,355,NA,NA,NA,NA,0.001000
2025-02-28T11:04:55,356,10.039029,NA,NA,NA,NA
2025-02-28T11:04:55,356,NA,NA,1100.799070,NA,NA
2025-02-28T11:04:55,356,NA,NA,NA,232.558334,NA
2025-02-28T11:04:55,356,NA,NA,NA,NA,0.001000
2025-02-28T11:04:56,357,10.378045,NA,NA,NA,NA
2025-02-28T11:04:56,357,NA,NA,1168.772948,NA,NA
2025-02-28T11:04:56,357,NA,NA,NA,219.033127,NA
2025-02-28T11:04:56,357,NA,NA,NA,NA,0.001000
2025-02-28T11:04:57,358,9.789715,NA,NA,NA,NA
2025-02-28T11:04:57,358,NA,NA,1064.645563,NA,NA
2025-02-28T11:04:57,358,NA,NA,NA,240.455612,NA
2025-02-28T11:04:57,358,NA,NA,NA,NA,0.001000
2025-02-28T11:04:58,359,10.953074,NA,NA,NA,NA
2025-02-28T11:04:58,359,NA,NA,1096.431898,NA,NA
2025-02-28T11:04:58,359,NA,NA,NA,233.484634,NA
2025-02-28T11:04:58,359,NA,NA,NA,NA,0.001000
2025-02-28T11:04:59,360,NA,10.580123,NA,NA,NA
2025-02-28T11:05:01,360,11.076597,NA,NA,NA,NA
2025-02-28T11:05:01,360,NA,NA,1152.731543,NA,NA
2025-02-28T11:05:01,360,NA,NA,NA,222.081192,NA
2025-02-28T11:05:01,360,NA,NA,NA,NA,0.001000
2025-02-28T11:05:02,361,11.256710,NA,NA,NA,NA
2025-02-28T11:05:02,361,NA,NA,1122.927829,NA,NA
2025-02-28T11:05:02,361,NA,NA,NA,227.975464,NA
2025-02-28T11:05:02,361,NA,NA,NA,NA,0.001000
2025-02-28T11:05:03,362,12.379440,NA,NA,NA,NA
2025-02-28T11:05:03,362,NA,NA,1076.653619,NA,NA
2025-02-28T11:05:03,362,NA,NA,NA,237.773773,NA
2025-02-28T11:05:03,362,NA,NA,NA,NA,0.001000
2025-02-28T11:05:04,363,10.573241,NA,NA,NA,NA
2025-02-28T11:05:04,363,NA,NA,1076.928592,NA,NA
2025-02-28T11:05:04,363,NA,NA,NA,237.713074,NA
2025-02-28T11:05:04,363,NA,NA,NA,NA,0.001000
2025-02-28T11:05:05,364,11.245363,NA,NA,NA,NA
2025-02-28T11:05:05,364,NA,NA,1119.165391,NA,NA
2025-02-28T11:05:05,364,NA,NA,NA,228.741882,NA
2025-02-28T11:05:05,364,NA,NA,NA,NA,0.001000
2025-02-28T11:05:06,365,9.620721,NA,NA,NA,NA
2025-02-28T11:05:06,365,NA,NA,1063.278969,NA,NA
2025-02-28T11:05:06,365,NA,NA,NA,240.764664,NA
2025-02-28T11:05:06,365,NA,NA,NA,NA,0.001000
2025-02-28T11:05:07,366,10.540949,NA,NA,NA,NA
2025-02-28T11:05:07,366,NA,NA,1126.681912,NA,NA
2025-02-28T11:05:07,366,NA,NA,NA,227.215866,NA
2025-02-28T11:05:07,366,NA,NA,NA,NA,0.001000
2025-02-28T11:05:08,367,11.284285,NA,NA,NA,NA
2025-02-28T11:05:08,367,NA,NA,1064.903593,NA,NA
2025-02-28T11:05:08,367,NA,NA,NA,240.397354,NA
2025-02-28T11:05:08,367,NA,NA,NA,NA,0.001000
2025-02-28T11:05:09,368,9.427265,NA,NA,NA,NA
2025-02-28T11:05:09,368,NA,NA,1115.527861,NA,NA
2025-02-28T11:05:09,368,NA,NA,NA,229.487762,NA
2025-02-28T11:05:09,368,NA,NA,NA,NA,0.001000
2025-02-28T11:05:10,369,10.957575,NA,NA,NA,NA
2025-02-28T11:05:10,369,NA,NA,1062.392795,NA,NA
2025-02-28T11:05:10,369,NA,NA,NA,240.965485,NA
2025-02-28T11:05:10,369,NA,NA,NA,NA,0.001000
2025-02-28T11:05:12,370,NA,10.305533,NA,NA,NA
2025-02-28T11:05:13,370,10.887724,NA,NA,NA,NA
2025-02-28T11:05:13,370,NA,NA,1071.901444,NA,NA
2025-02-28T11:05:13,370,NA,NA,NA,238.827927,NA
2025-02-28T11:05:13,370,NA,NA,NA,NA,0.001000
2025-02-28T11:05:14,371,10.275579,NA,NA,NA,NA
2025-02-28T11:05:14,371,NA,NA,1111.072320,NA,NA
2025-02-28T11:05:14,371,NA,NA,NA,230.408051,NA
2025-02-28T11:05:14,371,NA,NA,NA,NA,0.001000
2025-02-28T11:05:15,372,10.990862,NA,NA,NA,NA
2025-02-28T11:05:15,372,NA,NA,1116.954531,NA,NA
2025-02-28T11:05:15,372,NA,NA,NA,229.194641,NA
2025-02-28T11:05:15,372,NA,NA,NA,NA,0.001000
2025-02-28T11:05:16,373,12.380199,NA,NA,NA,NA
2025-02-28T11:05:16,373,NA,NA,1090.157764,NA,NA
2025-02-28T11:05:16,373,NA,NA,NA,234.828400,NA
2025-02-28T11:05:16,373,NA,NA,NA,NA,0.001000
2025-02-28T11:05:17,374,11.627081,NA,NA,NA,NA
2025-02-28T11:05:17,374,NA,NA,1127.335292,NA,NA
2025-02-28T11:05:17,374,NA,NA,NA,227.084167,NA
2025-02-28T11:05:17,374,NA,NA,NA,NA,0.001000
2025-02-28T11:05:18,375,10.543316,NA,NA,NA,NA
2025-02-28T11:05:18,375,NA,NA,1107.796299,NA,NA
2025-02-28T11:05:18,375,NA,NA,NA,231.089417,NA
2025-02-28T11:05:18,375,NA,NA,NA,NA,0.001000
2025-02-28T11:05:19,376,10.752901,NA,NA,NA,NA
2025-02-28T11:05:19,376,NA,NA,1074.692246,NA,NA
2025-02-28T11:05:19,376,NA,NA,NA,238.207733,NA
2025-02-28T11:05:19,376,NA,NA,NA,NA,0.001000
2025-02-28T11:05:21,377,10.920898,NA,NA,NA,NA
2025-02-28T11:05:21,377,NA,NA,1118.840201,NA,NA
2025-02-28T11:05:21,377,NA,NA,NA,228.808365,NA
2025-02-28T11:05:21,377,NA,NA,NA,NA,0.001000
2025-02-28T11:05:22,378,9.827835,NA,NA,NA,NA
2025-02-28T11:05:22,378,NA,NA,1062.588948,NA,NA
2025-02-28T11:05:22,378,NA,NA,NA,240.921005,NA
2025-02-28T11:05:22,378,NA,NA,NA,NA,0.001000
2025-02-28T11:05:23,379,11.240206,NA,NA,NA,NA
2025-02-28T11:05:23,379,NA,NA,1121.581835,NA,NA
2025-02-28T11:05:23,379,NA,NA,NA,228.249054,NA
2025-02-28T11:05:23,379,NA,NA,NA,NA,0.001000
2025-02-28T11:05:22,380,NA,10.111070,NA,NA,NA
2025-02-28T11:05:24,380,9.220460,NA,NA,NA,NA
2025-02-28T11:05:24,380,NA,NA,1134.491191,NA,NA
2025-02-28T11:05:24,380,NA,NA,NA,225.651825,NA
2025-02-28T11:05:24,380,NA,NA,NA,NA,0.001000
2025-02-28T11:05:25,381,10.585873,NA,NA,NA,NA
2025-02-28T11:05:25,381,NA,NA,1070.875555,NA,NA
2025-02-28T11:05:25,381,NA,NA,NA,239.056717,NA
2025-02-28T11:05:25,381,NA,NA,NA,NA,0.001000
2025-02-28T11:05:26,382,11.141453,NA,NA,NA,NA
2025-02-28T11:05:26,382,NA,NA,1140.172131,NA,NA
2025-02-28T11:05:26,382,NA,NA,NA,224.527496,NA
2025-02-28T11:05:26,382,NA,NA,NA,NA,0.001000
2025-02-28T11:05:27,383,9.968948,NA,NA,NA,NA
2025-02-28T11:05:27,383,NA,NA,1083.679755,NA,NA
2025-02-28T11:05:27,383,NA,NA,NA,236.232147,NA
2025-02-28T11:05:27,383,NA,NA,NA,NA,0.001000
2025-02-28T11:05:28,384,10.451234,NA,NA,NA,NA
2025-02-28T11:05:28,384,NA,NA,1090.509357,NA,NA
2025-02-28T11:05:28,384,NA,NA,NA,234.752686,NA
2025-02-28T11:05:28,384,NA,NA,NA,NA,0.001000
2025-02-28T11:05:29,385,8.785938,NA,NA,NA,NA
2025-02-28T11:05:29,385,NA,NA,1138.031686,NA,NA
2025-02-28T11:05:29,385,NA,NA,NA,224.949799,NA
2025-02-28T11:05:29,385,NA,NA,NA,NA,0.001000
2025-02-28T11:05:30,386,10.752591,NA,NA,NA,NA
2025-02-28T11:05:30,386,NA,NA,1289.039982,NA,NA
2025-02-28T11:05:30,386,NA,NA,NA,198.597412,NA
2025-02-28T11:05:30,386,NA,NA,NA,NA,0.001000
2025-02-28T11:05:32,387,10.883625,NA,NA,NA,NA
2025-02-28T11:05:32,387,NA,NA,1164.408275,NA,NA
2025-02-28T11:05:32,387,NA,NA,NA,219.854156,NA
2025-02-28T11:05:32,387,NA,NA,NA,NA,0.001000
2025-02-28T11:05:33,388,9.614354,NA,NA,NA,NA
2025-02-28T11:05:33,388,NA,NA,1189.632195,NA,NA
2025-02-28T11:05:33,388,NA,NA,NA,215.192566,NA
2025-02-28T11:05:33,388,NA,NA,NA,NA,0.001000
2025-02-28T11:05:34,389,10.445593,NA,NA,NA,NA
2025-02-28T11:05:34,389,NA,NA,1189.448867,NA,NA
2025-02-28T11:05:34,389,NA,NA,NA,215.225723,NA
2025-02-28T11:05:34,389,NA,NA,NA,NA,0.001000
2025-02-28T11:05:35,390,NA,9.944304,NA,NA,NA
2025-02-28T11:05:37,390,11.516659,NA,NA,NA,NA
2025-02-28T11:05:37,390,NA,NA,1253.937630,NA,NA
2025-02-28T11:05:37,390,NA,NA,NA,204.156891,NA
2025-02-28T11:05:37,390,NA,NA,NA,NA,0.001000
2025-02-28T11:05:38,391,9.312387,NA,NA,NA,NA
2025-02-28T11:05:38,391,NA,NA,1248.584446,NA,NA
2025-02-28T11:05:38,391,NA,NA,NA,205.032181,NA
2025-02-28T11:05:38,391,NA,NA,NA,NA,0.001000
2025-02-28T11:05:39,392,9.793016,NA,NA,NA,NA
2025-02-28T11:05:39,392,NA,NA,1189.148260,NA,NA
2025-02-28T11:05:39,392,NA,NA,NA,215.280136,NA
2025-02-28T11:05:39,392,NA,NA,NA,NA,0.001000
2025-02-28T11:05:40,393,10.121408,NA,NA,NA,NA
2025-02-28T11:05:40,393,NA,NA,1172.112727,NA,NA
2025-02-28T11:05:40,393,NA,NA,NA,218.409027,NA
2025-02-28T11:05:40,393,NA,NA,NA,NA,0.001000
2025-02-28T11:05:42,394,9.873116,NA,NA,NA,NA
2025-02-28T11:05:42,394,NA,NA,1224.238831,NA,NA
2025-02-28T11:05:42,394,NA,NA,NA,209.109528,NA
2025-02-28T11:05:42,394,NA,NA,NA,NA,0.001000
2025-02-28T11:05:43,395,9.126656,NA,NA,NA,NA
2025-02-28T11:05:43,395,NA,NA,1078.175501,NA,NA
2025-02-28T11:05:43,395,NA,NA,NA,237.438156,NA
2025-02-28T11:05:43,395,NA,NA,NA,NA,0.001000
2025-02-28T11:05:44,396,10.185748,NA,NA,NA,NA
2025-02-28T11:05:44,396,NA,NA,1077.546323,NA,NA
2025-02-28T11:05:44,396,NA,NA,NA,237.576797,NA
2025-02-28T11:05:44,396,NA,NA,NA,NA,0.001000
2025-02-28T11:05:45,397,10.910128,NA,NA,NA,NA
2025-02-28T11:05:45,397,NA,NA,1174.518313,NA,NA
2025-02-28T11:05:45,397,NA,NA,NA,217.961700,NA
2025-02-28T11:05:45,397,NA,NA,NA,NA,0.001000
2025-02-28T11:05:46,398,9.248911,NA,NA,NA,NA
2025-02-28T11:05:46,398,NA,NA,1073.887409,NA,NA
2025-02-28T11:05:46,398,NA,NA,NA,238.386261,NA
2025-02-28T11:05:46,398,NA,NA,NA,NA,0.001000
2025-02-28T11:05:47,399,10.111120,NA,NA,NA,NA
2025-02-28T11:05:47,399,NA,NA,1123.424515,NA,NA
2025-02-28T11:05:47,399,NA,NA,NA,227.874680,NA
2025-02-28T11:05:47,399,NA,NA,NA,NA,0.001000
2025-02-28T11:05:48,400,NA,9.890879,NA,NA,NA
2025-02-28T11:05:50,400,12.717766,NA,NA,NA,NA
2025-02-28T11:05:50,400,NA,NA,1073.310119,NA,NA
2025-02-28T11:05:50,400,NA,NA,NA,238.514481,NA
2025-02-28T11:05:50,400,NA,NA,NA,NA,0.001000
2025-02-28T11:05:51,401,8.888272,NA,NA,NA,NA
2025-02-28T11:05:51,401,NA,NA,1067.825428,NA,NA
2025-02-28T11:05:51,401,NA,NA,NA,239.739563,NA
2025-02-28T11:05:51,401,NA,NA,NA,NA,0.001000
2025-02-28T11:05:52,402,9.339695,NA,NA,NA,NA
2025-02-28T11:05:52,402,NA,NA,1061.953374,NA,NA
2025-02-28T11:05:52,402,NA,NA,NA,241.065201,NA
2025-02-28T11:05:52,402,NA,NA,NA,NA,0.001000
2025-02-28T11:05:53,403,8.729811,NA,NA,NA,NA
2025-02-28T11:05:53,403,NA,NA,1154.640963,NA,NA
2025-02-28T11:05:53,403,NA,NA,NA,221.713943,NA
2025-02-28T11:05:53,403,NA,NA,NA,NA,0.001000
2025-02-28T11:05:54,404,8.371223,NA,NA,NA,NA
2025-02-28T11:05:54,404,NA,NA,1102.077904,NA,NA
2025-02-28T11:05:54,404,NA,NA,NA,232.288483,NA
2025-02-28T11:05:54,404,NA,NA,NA,NA,0.001000
2025-02-28T11:05:53,405,10.026548,NA,NA,NA,NA
2025-02-28T11:05:53,405,NA,NA,1123.294718,NA,NA
2025-02-28T11:05:53,405,NA,NA,NA,227.901016,NA
2025-02-28T11:05:53,405,NA,NA,NA,NA,0.001000
2025-02-28T11:05:54,406,10.429743,NA,NA,NA,NA
2025-02-28T11:05:54,406,NA,NA,1065.451290,NA,NA
2025-02-28T11:05:54,406,NA,NA,NA,240.273773,NA
2025-02-28T11:05:54,406,NA,NA,NA,NA,0.001000
2025-02-28T11:05:56,407,10.117743,NA,NA,NA,NA
2025-02-28T11:05:56,407,NA,NA,1153.419533,NA,NA
2025-02-28T11:05:56,407,NA,NA,NA,221.948730,NA
2025-02-28T11:05:56,407,NA,NA,NA,NA,0.001000
2025-02-28T11:05:57,408,10.968899,NA,NA,NA,NA
2025-02-28T11:05:57,408,NA,NA,1096.817520,NA,NA
2025-02-28T11:05:57,408,NA,NA,NA,233.402542,NA
2025-02-28T11:05:57,408,NA,NA,NA,NA,0.001000
2025-02-28T11:05:58,409,10.675812,NA,NA,NA,NA
2025-02-28T11:05:58,409,NA,NA,1126.800133,NA,NA
2025-02-28T11:05:58,409,NA,NA,NA,227.192017,NA
2025-02-28T11:05:58,409,NA,NA,NA,NA,0.001000
2025-02-28T11:05:59,410,NA,9.867544,NA,NA,NA
2025-02-28T11:06:00,410,10.877834,NA,NA,NA,NA
2025-02-28T11:06:00,410,NA,NA,1106.855398,NA,NA
2025-02-28T11:06:00,410,NA,NA,NA,231.285858,NA
2025-02-28T11:06:00,410,NA,NA,NA,NA,0.001000
2025-02-28T11:06:01,411,11.720355,NA,NA,NA,NA
2025-02-28T11:06:01,411,NA,NA,1263.391778,NA,NA
2025-02-28T11:06:01,411,NA,NA,NA,202.629150,NA
2025-02-28T11:06:01,411,NA,NA,NA,NA,0.001000
2025-02-28T11:06:03,412,12.357376,NA,NA,NA,NA
2025-02-28T11:06:03,412,NA,NA,1133.859982,NA,NA
2025-02-28T11:06:03,412,NA,NA,NA,225.777435,NA
2025-02-28T11:06:03,412,NA,NA,NA,NA,0.001000
2025-02-28T11:06:04,413,10.418709,NA,NA,NA,NA
2025-02-28T11:06:04,413,NA,NA,1084.006431,NA,NA
2025-02-28T11:06:04,413,NA,NA,NA,236.160965,NA
2025-02-28T11:06:04,413,NA,NA,NA,NA,0.001000
2025-02-28T11:06:05,414,9.229958,NA,NA,NA,NA
2025-02-28T11:06:05,414,NA,NA,1150.989884,NA,NA
2025-02-28T11:06:05,414,NA,NA,NA,222.417252,NA
2025-02-28T11:06:05,414,NA,NA,NA,NA,0.001000
2025-02-28T11:06:06,415,9.885151,NA,NA,NA,NA
2025-02-28T11:06:06,415,NA,NA,1198.556317,NA,NA
2025-02-28T11:06:06,415,NA,NA,NA,213.590302,NA
2025-02-28T11:06:06,415,NA,NA,NA,NA,0.001000
2025-02-28T11:06:07,416,8.954567,NA,NA,NA,NA
2025-02-28T11:06:07,416,NA,NA,1230.352126,NA,NA
2025-02-28T11:06:07,416,NA,NA,NA,208.070511,NA
2025-02-28T11:06:07,416,NA,NA,NA,NA,0.001000
2025-02-28T11:06:08,417,8.880860,NA,NA,NA,NA
2025-02-28T11:06:08,417,NA,NA,1175.431967,NA,NA
2025-02-28T11:06:08,417,NA,NA,NA,217.792267,NA
2025-02-28T11:06:08,417,NA,NA,NA,NA,0.001000
2025-02-28T11:06:10,418,9.670031,NA,NA,NA,NA
2025-02-28T11:06:10,418,NA,NA,1142.792360,NA,NA
2025-02-28T11:06:10,418,NA,NA,NA,224.012695,NA
2025-02-28T11:06:10,418,NA,NA,NA,NA,0.001000
2025-02-28T11:06:11,419,11.696356,NA,NA,NA,NA
2025-02-28T11:06:11,419,NA,NA,1065.431127,NA,NA
2025-02-28T11:06:11,419,NA,NA,NA,240.278320,NA
2025-02-28T11:06:11,419,NA,NA,NA,NA,0.001000
2025-02-28T11:06:12,420,NA,9.767067,NA,NA,NA
2025-02-28T11:06:13,420,10.871128,NA,NA,NA,NA
2025-02-28T11:06:13,420,NA,NA,1074.406742,NA,NA
2025-02-28T11:06:13,420,NA,NA,NA,238.271027,NA
2025-02-28T11:06:13,420,NA,NA,NA,NA,0.001000
2025-02-28T11:06:14,421,10.406822,NA,NA,NA,NA
2025-02-28T11:06:14,421,NA,NA,1062.750101,NA,NA
2025-02-28T11:06:14,421,NA,NA,NA,240.884476,NA
2025-02-28T11:06:14,421,NA,NA,NA,NA,0.001000
2025-02-28T11:06:15,422,8.437901,NA,NA,NA,NA
2025-02-28T11:06:15,422,NA,NA,1071.179744,NA,NA
2025-02-28T11:06:15,422,NA,NA,NA,238.988831,NA
2025-02-28T11:06:15,422,NA,NA,NA,NA,0.001000
2025-02-28T11:06:16,423,10.027781,NA,NA,NA,NA
2025-02-28T11:06:16,423,NA,NA,1135.108766,NA,NA
2025-02-28T11:06:16,423,NA,NA,NA,225.529053,NA
2025-02-28T11:06:16,423,NA,NA,NA,NA,0.001000
2025-02-28T11:06:17,424,9.905252,NA,NA,NA,NA
2025-02-28T11:06:17,424,NA,NA,1085.525913,NA,NA
2025-02-28T11:06:17,424,NA,NA,NA,235.830383,NA
2025-02-28T11:06:17,424,NA,NA,NA,NA,0.001000
2025-02-28T11:06:19,425,9.296827,NA,NA,NA,NA
2025-02-28T11:06:19,425,NA,NA,1113.322285,NA,NA
2025-02-28T11:06:19,425,NA,NA,NA,229.942398,NA
2025-02-28T11:06:19,425,NA,NA,NA,NA,0.001000
2025-02-28T11:06:20,426,11.039352,NA,NA,NA,NA
2025-02-28T11:06:20,426,NA,NA,1067.635417,NA,NA
2025-02-28T11:06:20,426,NA,NA,NA,239.782227,NA
2025-02-28T11:06:20,426,NA,NA,NA,NA,0.001000
2025-02-28T11:06:21,427,10.690257,NA,NA,NA,NA
2025-02-28T11:06:21,427,NA,NA,1115.512941,NA,NA
2025-02-28T11:06:21,427,NA,NA,NA,229.490845,NA
2025-02-28T11:06:21,427,NA,NA,NA,NA,0.001000
2025-02-28T11:06:22,428,10.391081,NA,NA,NA,NA
2025-02-28T11:06:22,428,NA,NA,1087.140031,NA,NA
2025-02-28T11:06:22,428,NA,NA,NA,235.480240,NA
2025-02-28T11:06:22,428,NA,NA,NA,NA,0.001000
2025-02-28T11:06:23,429,10.987581,NA,NA,NA,NA
2025-02-28T11:06:23,429,NA,NA,1105.418820,NA,NA
2025-02-28T11:06:23,429,NA,NA,NA,231.586426,NA
2025-02-28T11:06:23,429,NA,NA,NA,NA,0.001000
2025-02-28T11:06:24,430,NA,9.684419,NA,NA,NA
2025-02-28T11:06:24,430,9.500202,NA,NA,NA,NA
2025-02-28T11:06:24,430,NA,NA,1128.448606,NA,NA
2025-02-28T11:06:24,430,NA,NA,NA,226.860138,NA
2025-02-28T11:06:24,430,NA,NA,NA,NA,0.001000
2025-02-28T11:06:25,431,10.694944,NA,NA,NA,NA
2025-02-28T11:06:25,431,NA,NA,1095.512114,NA,NA
2025-02-28T11:06:25,431,NA,NA,NA,233.680664,NA
2025-02-28T11:06:25,431,NA,NA,NA,NA,0.001000
2025-02-28T11:06:26,432,10.392872,NA,NA,NA,NA
2025-02-28T11:06:26,432,NA,NA,1123.488809,NA,NA
2025-02-28T11:06:26,432,NA,NA,NA,227.861633,NA
2025-02-28T11:06:26,432,NA,NA,NA,NA,0.001000
2025-02-28T11:06:27,433,11.814043,NA,NA,NA,NA
2025-02-28T11:06:27,433,NA,NA,1084.177908,NA,NA
2025-02-28T11:06:27,433,NA,NA,NA,236.123611,NA
2025-02-28T11:06:27,433,NA,NA,NA,NA,0.001000
2025-02-28T11:06:28,434,9.970181,NA,NA,NA,NA
2025-02-28T11:06:28,434,NA,NA,1090.703721,NA,NA
2025-02-28T11:06:28,434,NA,NA,NA,234.710846,NA
2025-02-28T11:06:28,434,NA,NA,NA,NA,0.001000
2025-02-28T11:06:29,435,9.939427,NA,NA,NA,NA
2025-02-28T11:06:29,435,NA,NA,1069.191614,NA,NA
2025-02-28T11:06:29,435,NA,NA,NA,239.433228,NA
2025-02-28T11:06:29,435,NA,NA,NA,NA,0.001000
2025-02-28T11:06:30,436,10.264232,NA,NA,NA,NA
2025-02-28T11:06:30,436,NA,NA,1126.353536,NA,NA
2025-02-28T11:06:30,436,NA,NA,NA,227.282104,NA
2025-02-28T11:06:30,436,NA,NA,NA,NA,0.001000
2025-02-28T11:06:31,437,10.208143,NA,NA,NA,NA
2025-02-28T11:06:31,437,NA,NA,1161.231219,NA,NA
2025-02-28T11:06:31,437,NA,NA,NA,220.455658,NA
2025-02-28T11:06:31,437,NA,NA,NA,NA,0.001000
2025-02-28T11:06:33,438,10.345784,NA,NA,NA,NA
2025-02-28T11:06:33,438,NA,NA,1123.365955,NA,NA
2025-02-28T11:06:33,438,NA,NA,NA,227.886551,NA
2025-02-28T11:06:33,438,NA,NA,NA,NA,0.001000
2025-02-28T11:06:34,439,9.481139,NA,NA,NA,NA
2025-02-28T11:06:34,439,NA,NA,1073.988879,NA,NA
2025-02-28T11:06:34,439,NA,NA,NA,238.363739,NA
2025-02-28T11:06:34,439,NA,NA,NA,NA,0.001000
2025-02-28T11:06:35,440,NA,9.498364,NA,NA,NA
2025-02-28T11:06:36,440,9.451720,NA,NA,NA,NA
2025-02-28T11:06:36,440,NA,NA,1078.998673,NA,NA
2025-02-28T11:06:36,440,NA,NA,NA,237.257004,NA
2025-02-28T11:06:36,440,NA,NA,NA,NA,0.001000
2025-02-28T11:06:37,441,9.491470,NA,NA,NA,NA
2025-02-28T11:06:37,441,NA,NA,1064.706494,NA,NA
2025-02-28T11:06:37,441,NA,NA,NA,240.441849,NA
2025-02-28T11:06:37,441,NA,NA,NA,NA,0.001000
2025-02-28T11:06:38,442,8.541996,NA,NA,NA,NA
2025-02-28T11:06:38,442,NA,NA,1077.879199,NA,NA
2025-02-28T11:06:38,442,NA,NA,NA,237.503418,NA
2025-02-28T11:06:38,442,NA,NA,NA,NA,0.001000
2025-02-28T11:06:39,443,10.012875,NA,NA,NA,NA
2025-02-28T11:06:39,443,NA,NA,1106.842981,NA,NA
2025-02-28T11:06:39,443,NA,NA,NA,231.288452,NA
2025-02-28T11:06:39,443,NA,NA,NA,NA,0.001000
2025-02-28T11:06:40,444,8.410340,NA,NA,NA,NA
2025-02-28T11:06:40,444,NA,NA,1146.418787,NA,NA
2025-02-28T11:06:40,444,NA,NA,NA,223.304092,NA
2025-02-28T11:06:40,444,NA,NA,NA,NA,0.001000
2025-02-28T11:06:42,445,9.962800,NA,NA,NA,NA
2025-02-28T11:06:42,445,NA,NA,1071.559777,NA,NA
2025-02-28T11:06:42,445,NA,NA,NA,238.904083,NA
2025-02-28T11:06:42,445,NA,NA,NA,NA,0.001000
2025-02-28T11:06:43,446,9.482618,NA,NA,NA,NA
2025-02-28T11:06:43,446,NA,NA,1108.888369,NA,NA
2025-02-28T11:06:43,446,NA,NA,NA,230.861832,NA
2025-02-28T11:06:43,446,NA,NA,NA,NA,0.001000
2025-02-28T11:06:44,447,8.970478,NA,NA,NA,NA
2025-02-28T11:06:44,447,NA,NA,1071.103788,NA,NA
2025-02-28T11:06:44,447,NA,NA,NA,239.005783,NA
2025-02-28T11:06:44,447,NA,NA,NA,NA,0.001000
2025-02-28T11:06:45,448,8.274712,NA,NA,NA,NA
2025-02-28T11:06:45,448,NA,NA,1113.580585,NA,NA
2025-02-28T11:06:45,448,NA,NA,NA,229.889069,NA
2025-02-28T11:06:45,448,NA,NA,NA,NA,0.001000
2025-02-28T11:06:46,449,9.079145,NA,NA,NA,NA
2025-02-28T11:06:46,449,NA,NA,1082.883094,NA,NA
2025-02-28T11:06:46,449,NA,NA,NA,236.405945,NA
2025-02-28T11:06:46,449,NA,NA,NA,NA,0.001000
2025-02-28T11:06:47,450,NA,9.400858,NA,NA,NA
2025-02-28T11:06:48,450,10.548133,NA,NA,NA,NA
2025-02-28T11:06:48,450,NA,NA,1112.421610,NA,NA
2025-02-28T11:06:48,450,NA,NA,NA,230.128571,NA
2025-02-28T11:06:48,450,NA,NA,NA,NA,0.001000
2025-02-28T11:06:49,451,9.535173,NA,NA,NA,NA
2025-02-28T11:06:49,451,NA,NA,1068.625373,NA,NA
2025-02-28T11:06:49,451,NA,NA,NA,239.560104,NA
2025-02-28T11:06:49,451,NA,NA,NA,NA,0.001000
2025-02-28T11:06:51,452,8.343317,NA,NA,NA,NA
2025-02-28T11:06:51,452,NA,NA,1158.946982,NA,NA
2025-02-28T11:06:51,452,NA,NA,NA,220.890167,NA
2025-02-28T11:06:51,452,NA,NA,NA,NA,0.001000
2025-02-28T11:06:52,453,8.854055,NA,NA,NA,NA
2025-02-28T11:06:52,453,NA,NA,1139.261477,NA,NA
2025-02-28T11:06:52,453,NA,NA,NA,224.706970,NA
2025-02-28T11:06:52,453,NA,NA,NA,NA,0.001000
2025-02-28T11:06:53,454,10.473043,NA,NA,NA,NA
2025-02-28T11:06:53,454,NA,NA,1118.333165,NA,NA
2025-02-28T11:06:53,454,NA,NA,NA,228.912109,NA
2025-02-28T11:06:53,454,NA,NA,NA,NA,0.001000
2025-02-28T11:06:54,455,8.863853,NA,NA,NA,NA
2025-02-28T11:06:54,455,NA,NA,1071.499528,NA,NA
2025-02-28T11:06:54,455,NA,NA,NA,238.917511,NA
2025-02-28T11:06:54,455,NA,NA,NA,NA,0.001000
2025-02-28T11:06:55,456,8.733250,NA,NA,NA,NA
2025-02-28T11:06:55,456,NA,NA,1145.741090,NA,NA
2025-02-28T11:06:55,456,NA,NA,NA,223.436172,NA
2025-02-28T11:06:55,456,NA,NA,NA,NA,0.001000
2025-02-28T11:06:55,457,8.241373,NA,NA,NA,NA
2025-02-28T11:06:55,457,NA,NA,1091.953975,NA,NA
2025-02-28T11:06:55,457,NA,NA,NA,234.442108,NA
2025-02-28T11:06:55,457,NA,NA,NA,NA,0.001000
2025-02-28T11:06:56,458,8.707989,NA,NA,NA,NA
2025-02-28T11:06:56,458,NA,NA,1158.775237,NA,NA
2025-02-28T11:06:56,458,NA,NA,NA,220.922913,NA
2025-02-28T11:06:56,458,NA,NA,NA,NA,0.001000
2025-02-28T11:06:57,459,9.814109,NA,NA,NA,NA
2025-02-28T11:06:57,459,NA,NA,1074.658708,NA,NA
2025-02-28T11:06:57,459,NA,NA,NA,238.215164,NA
2025-02-28T11:06:57,459,NA,NA,NA,NA,0.001000
2025-02-28T11:06:58,460,NA,9.339568,NA,NA,NA
2025-02-28T11:06:59,460,8.708740,NA,NA,NA,NA
2025-02-28T11:06:59,460,NA,NA,1097.585846,NA,NA
2025-02-28T11:06:59,460,NA,NA,NA,233.239166,NA
2025-02-28T11:06:59,460,NA,NA,NA,NA,0.001000
2025-02-28T11:07:00,461,9.185972,NA,NA,NA,NA
2025-02-28T11:07:00,461,NA,NA,1080.046228,NA,NA
2025-02-28T11:07:00,461,NA,NA,NA,237.026886,NA
2025-02-28T11:07:00,461,NA,NA,NA,NA,0.001000
2025-02-28T11:07:01,462,8.161951,NA,NA,NA,NA
2025-02-28T11:07:01,462,NA,NA,1097.022598,NA,NA
2025-02-28T11:07:01,462,NA,NA,NA,233.358917,NA
2025-02-28T11:07:01,462,NA,NA,NA,NA,0.001000
2025-02-28T11:07:03,463,9.336946,NA,NA,NA,NA
2025-02-28T11:07:03,463,NA,NA,1149.288515,NA,NA
2025-02-28T11:07:03,463,NA,NA,NA,222.746506,NA
2025-02-28T11:07:03,463,NA,NA,NA,NA,0.001000
2025-02-28T11:07:04,464,7.715471,NA,NA,NA,NA
2025-02-28T11:07:04,464,NA,NA,1082.918058,NA,NA
2025-02-28T11:07:04,464,NA,NA,NA,236.398315,NA
2025-02-28T11:07:04,464,NA,NA,NA,NA,0.001000
2025-02-28T11:07:05,465,9.739265,NA,NA,NA,NA
2025-02-28T11:07:05,465,NA,NA,1219.076964,NA,NA
2025-02-28T11:07:05,465,NA,NA,NA,209.994949,NA
2025-02-28T11:07:05,465,NA,NA,NA,NA,0.001000
2025-02-28T11:07:06,466,10.172422,NA,NA,NA,NA
2025-02-28T11:07:06,466,NA,NA,1056.242877,NA,NA
2025-02-28T11:07:06,466,NA,NA,NA,242.368500,NA
2025-02-28T11:07:06,466,NA,NA,NA,NA,0.001000
2025-02-28T11:07:07,467,10.370007,NA,NA,NA,NA
2025-02-28T11:07:07,467,NA,NA,1114.685473,NA,NA
2025-02-28T11:07:07,467,NA,NA,NA,229.661194,NA
2025-02-28T11:07:07,467,NA,NA,NA,NA,0.001000
2025-02-28T11:07:08,468,8.904524,NA,NA,NA,NA
2025-02-28T11:07:08,468,NA,NA,1076.014852,NA,NA
2025-02-28T11:07:08,468,NA,NA,NA,237.914932,NA
2025-02-28T11:07:08,468,NA,NA,NA,NA,0.001000
2025-02-28T11:07:09,469,9.104120,NA,NA,NA,NA
2025-02-28T11:07:09,469,NA,NA,1139.635636,NA,NA
2025-02-28T11:07:09,469,NA,NA,NA,224.633194,NA
2025-02-28T11:07:09,469,NA,NA,NA,NA,0.001000
2025-02-28T11:07:11,470,NA,9.316794,NA,NA,NA
2025-02-28T11:07:12,470,9.712501,NA,NA,NA,NA
2025-02-28T11:07:12,470,NA,NA,1071.453999,NA,NA
2025-02-28T11:07:12,470,NA,NA,NA,238.927658,NA
2025-02-28T11:07:12,470,NA,NA,NA,NA,0.001000
2025-02-28T11:07:13,471,10.763790,NA,NA,NA,NA
2025-02-28T11:07:13,471,NA,NA,1118.761779,NA,NA
2025-02-28T11:07:13,471,NA,NA,NA,228.824402,NA
2025-02-28T11:07:13,471,NA,NA,NA,NA,0.001000
2025-02-28T11:07:14,472,10.942957,NA,NA,NA,NA
2025-02-28T11:07:14,472,NA,NA,1087.531581,NA,NA
2025-02-28T11:07:14,472,NA,NA,NA,235.395462,NA
2025-02-28T11:07:14,472,NA,NA,NA,NA,0.001000
2025-02-28T11:07:15,473,8.807360,NA,NA,NA,NA
2025-02-28T11:07:15,473,NA,NA,1104.302670,NA,NA
2025-02-28T11:07:15,473,NA,NA,NA,231.820496,NA
2025-02-28T11:07:15,473,NA,NA,NA,NA,0.001000
2025-02-28T11:07:16,474,9.354820,NA,NA,NA,NA
2025-02-28T11:07:16,474,NA,NA,1090.755194,NA,NA
2025-02-28T11:07:16,474,NA,NA,NA,234.699783,NA
2025-02-28T11:07:16,474,NA,NA,NA,NA,0.001000
2025-02-28T11:07:17,475,10.899660,NA,NA,NA,NA
2025-02-28T11:07:17,475,NA,NA,1086.427418,NA,NA
2025-02-28T11:07:17,475,NA,NA,NA,235.634705,NA
2025-02-28T11:07:17,475,NA,NA,NA,NA,0.001000
2025-02-28T11:07:18,476,9.746398,NA,NA,NA,NA
2025-02-28T11:07:18,476,NA,NA,1139.722055,NA,NA
2025-02-28T11:07:18,476,NA,NA,NA,224.616165,NA
2025-02-28T11:07:18,476,NA,NA,NA,NA,0.001000
2025-02-28T11:07:19,477,8.649639,NA,NA,NA,NA
2025-02-28T11:07:19,477,NA,NA,1199.242710,NA,NA
2025-02-28T11:07:19,477,NA,NA,NA,213.468048,NA
2025-02-28T11:07:19,477,NA,NA,NA,NA,0.001000
2025-02-28T11:07:21,478,9.539658,NA,NA,NA,NA
2025-02-28T11:07:21,478,NA,NA,1119.388250,NA,NA
2025-02-28T11:07:21,478,NA,NA,NA,228.696350,NA
2025-02-28T11:07:21,478,NA,NA,NA,NA,0.001000
2025-02-28T11:07:22,479,9.224640,NA,NA,NA,NA
2025-02-28T11:07:22,479,NA,NA,1070.828389,NA,NA
2025-02-28T11:07:22,479,NA,NA,NA,239.067245,NA
2025-02-28T11:07:22,479,NA,NA,NA,NA,0.001000
2025-02-28T11:07:23,480,NA,9.159919,NA,NA,NA
2025-02-28T11:07:24,480,8.742094,NA,NA,NA,NA
2025-02-28T11:07:24,480,NA,NA,1098.809740,NA,NA
2025-02-28T11:07:24,480,NA,NA,NA,232.979370,NA
2025-02-28T11:07:24,480,NA,NA,NA,NA,0.001000
2025-02-28T11:07:25,481,9.058073,NA,NA,NA,NA
2025-02-28T11:07:25,481,NA,NA,1141.142830,NA,NA
2025-02-28T11:07:25,481,NA,NA,NA,224.336517,NA
2025-02-28T11:07:25,481,NA,NA,NA,NA,0.001000
2025-02-28T11:07:25,482,9.018646,NA,NA,NA,NA
2025-02-28T11:07:25,482,NA,NA,1062.440066,NA,NA
2025-02-28T11:07:25,482,NA,NA,NA,240.954773,NA
2025-02-28T11:07:25,482,NA,NA,NA,NA,0.001000
2025-02-28T11:07:26,483,9.262801,NA,NA,NA,NA
2025-02-28T11:07:26,483,NA,NA,1089.630025,NA,NA
2025-02-28T11:07:26,483,NA,NA,NA,234.942123,NA
2025-02-28T11:07:26,483,NA,NA,NA,NA,0.001000
2025-02-28T11:07:27,484,10.643677,NA,NA,NA,NA
2025-02-28T11:07:27,484,NA,NA,1101.012244,NA,NA
2025-02-28T11:07:27,484,NA,NA,NA,232.513306,NA
2025-02-28T11:07:27,484,NA,NA,NA,NA,0.001000
2025-02-28T11:07:28,485,10.291696,NA,NA,NA,NA
2025-02-28T11:07:28,485,NA,NA,1127.753302,NA,NA
2025-02-28T11:07:28,485,NA,NA,NA,227.000000,NA
2025-02-28T11:07:28,485,NA,NA,NA,NA,0.001000
2025-02-28T11:07:29,486,8.437082,NA,NA,NA,NA
2025-02-28T11:07:29,486,NA,NA,1104.360364,NA,NA
2025-02-28T11:07:29,486,NA,NA,NA,231.808395,NA
2025-02-28T11:07:29,486,NA,NA,NA,NA,0.001000
2025-02-28T11:07:30,487,8.715298,NA,NA,NA,NA
2025-02-28T11:07:30,487,NA,NA,1103.509199,NA,NA
2025-02-28T11:07:30,487,NA,NA,NA,231.987198,NA
2025-02-28T11:07:30,487,NA,NA,NA,NA,0.001000
2025-02-28T11:07:31,488,8.955605,NA,NA,NA,NA
2025-02-28T11:07:31,488,NA,NA,1105.315012,NA,NA
2025-02-28T11:07:31,488,NA,NA,NA,231.608185,NA
2025-02-28T11:07:31,488,NA,NA,NA,NA,0.001000
2025-02-28T11:07:32,489,9.191822,NA,NA,NA,NA
2025-02-28T11:07:32,489,NA,NA,1178.792548,NA,NA
2025-02-28T11:07:32,489,NA,NA,NA,217.171371,NA
2025-02-28T11:07:32,489,NA,NA,NA,NA,0.001000
2025-02-28T11:07:34,490,NA,9.088546,NA,NA,NA
2025-02-28T11:07:35,490,9.644077,NA,NA,NA,NA
2025-02-28T11:07:35,490,NA,NA,1069.984727,NA,NA
2025-02-28T11:07:35,490,NA,NA,NA,239.255753,NA
2025-02-28T11:07:35,490,NA,NA,NA,NA,0.001000
2025-02-28T11:07:36,491,8.272453,NA,NA,NA,NA
2025-02-28T11:07:36,491,NA,NA,1061.208806,NA,NA
2025-02-28T11:07:36,491,NA,NA,NA,241.234329,NA
2025-02-28T11:07:36,491,NA,NA,NA,NA,0.001000
2025-02-28T11:07:37,492,9.911043,NA,NA,NA,NA
2025-02-28T11:07:37,492,NA,NA,1148.207856,NA,NA
2025-02-28T11:07:37,492,NA,NA,NA,222.956146,NA
2025-02-28T11:07:37,492,NA,NA,NA,NA,0.001000
2025-02-28T11:07:38,493,10.183586,NA,NA,NA,NA
2025-02-28T11:07:38,493,NA,NA,1081.804295,NA,NA
2025-02-28T11:07:38,493,NA,NA,NA,236.641693,NA
2025-02-28T11:07:38,493,NA,NA,NA,NA,0.001000
2025-02-28T11:07:39,494,8.359953,NA,NA,NA,NA
2025-02-28T11:07:39,494,NA,NA,1148.900242,NA,NA
2025-02-28T11:07:39,494,NA,NA,NA,222.821777,NA
2025-02-28T11:07:39,494,NA,NA,NA,NA,0.001000
2025-02-28T11:07:40,495,9.366597,NA,NA,NA,NA
2025-02-28T11:07:40,495,NA,NA,1055.621846,NA,NA
2025-02-28T11:07:40,495,NA,NA,NA,242.511093,NA
2025-02-28T11:07:40,495,NA,NA,NA,NA,0.001000
2025-02-28T11:07:41,496,9.936308,NA,NA,NA,NA
2025-02-28T11:07:41,496,NA,NA,1070.194133,NA,NA
2025-02-28T11:07:41,496,NA,NA,NA,239.208939,NA
2025-02-28T11:07:41,496,NA,NA,NA,NA,0.001000
2025-02-28T11:07:43,497,9.093315,NA,NA,NA,NA
2025-02-28T11:07:43,497,NA,NA,1130.692291,NA,NA
2025-02-28T11:07:43,497,NA,NA,NA,226.409958,NA
2025-02-28T11:07:43,497,NA,NA,NA,NA,0.001000
2025-02-28T11:07:44,498,9.418688,NA,NA,NA,NA
2025-02-28T11:07:44,498,NA,NA,1067.465371,NA,NA
2025-02-28T11:07:44,498,NA,NA,NA,239.820419,NA
2025-02-28T11:07:44,498,NA,NA,NA,NA,0.001000
2025-02-28T11:07:45,499,8.634069,NA,NA,NA,NA
2025-02-28T11:07:45,499,NA,NA,1103.870973,NA,NA
2025-02-28T11:07:45,499,NA,NA,NA,231.911163,NA
2025-02-28T11:07:45,499,NA,NA,NA,NA,0.000999
2025-02-28T11:07:46,500,NA,8.981075,NA,NA,NA
2025-02-28T11:07:47,500,11.339693,NA,NA,NA,NA
2025-02-28T11:07:47,500,NA,NA,1111.756450,NA,NA
2025-02-28T11:07:47,500,NA,NA,NA,230.266266,NA
2025-02-28T11:07:47,500,NA,NA,NA,NA,0.000999
2025-02-28T11:07:48,501,8.724582,NA,NA,NA,NA
2025-02-28T11:07:48,501,NA,NA,1178.723062,NA,NA
2025-02-28T11:07:48,501,NA,NA,NA,217.184174,NA
2025-02-28T11:07:48,501,NA,NA,NA,NA,0.000999
2025-02-28T11:07:50,502,9.306526,NA,NA,NA,NA
2025-02-28T11:07:50,502,NA,NA,1076.955610,NA,NA
2025-02-28T11:07:50,502,NA,NA,NA,237.707108,NA
2025-02-28T11:07:50,502,NA,NA,NA,NA,0.000999
